behind,branch,commits,duplicated_commits,engine,ev_id,first_on,last_on,lifetime_days,line,merged,pattern,repo_id,schema,unique_commits,v
328,godot4,277,1,godot,0b23021ed5d8,2023-03-30,2025-01-11,653,4.x,False,godot4,drwhut/tabletop-club,branches,276,0.1
5,godot4,40,0,godot,0b23021ed5d8,2021-10-30,2022-04-18,170,4.x,False,godot4,touilleMan/godot-python,branches,40,0.1
5,godot4-meson,569,0,godot,0b23021ed5d8,2021-10-30,2026-02-26,1580,4.x,False,godot4,touilleMan/godot-python,branches,555,0.1
5,godot4-meson-wip-test-3,312,0,godot,0b23021ed5d8,2021-10-30,2024-09-20,1056,4.x,False,godot4,touilleMan/godot-python,branches,299,0.1
15,godot4,10,0,godot,0b23021ed5d8,2023-09-06,2023-09-08,2,4.x,False,godot4,git-learning-game/oh-my-git,branches,10,0.1
5,godot4-conversion,0,0,godot,0b23021ed5d8,,2022-09-21,,4.x,True,godot4,db0/godot-card-game-framework,branches,0,0.1
19,godot4,14,7,godot,0b23021ed5d8,2022-05-18,2022-11-28,194,4.x,False,godot4,quentincaffeino/godot-console,branches,7,0.1
0,renovate/godot.net.sdk-4.x,1,0,godot,0b23021ed5d8,2026-08-18,2026-08-18,0,4.x,False,4.x,quentincaffeino/godot-console,branches,1,0.1
1,godot4_0,11,0,godot,0b23021ed5d8,2022-08-18,2024-02-13,544,4.x,False,godot4,Arnklit/Waterways,branches,11,0.1
1,godot4_5_1,21,1,godot,0b23021ed5d8,2022-08-18,2025-12-16,1216,4.x,False,godot4,Arnklit/Waterways,branches,17,0.1
132,godot-3.2.1,7,0,godot,6b79220010ab,2020-05-29,2020-06-26,28,3.x,False,godot-3,Shin-NiL/Godot-Android-Admob-Plugin,branches,6,0.1
21,4.x,30,3,godot,6b79220010ab,2022-04-26,2024-07-31,827,4.x,False,4.x,lawnjelly/smoothing-addon,branches,17,0.1
4,godot4,31,0,godot,6b79220010ab,2023-08-28,2024-01-28,153,4.x,False,godot4,ephread/inkgd,branches,31,0.1
330,godot4-migration,77,64,godot,6b79220010ab,2024-06-21,2025-08-25,430,4.x,False,godot4,getenu/enu,branches,13,0.1
330,godot4-port,148,64,godot,6b79220010ab,2024-06-21,2025-10-01,467,4.x,False,godot4,getenu/enu,branches,84,0.1
330,godot4-squashed,149,64,godot,6b79220010ab,2024-06-21,2025-10-23,489,4.x,False,godot4,getenu/enu,branches,85,0.1
5,godot4,20,0,godot,99f27a7aa280,2021-10-01,2021-10-13,12,4.x,False,godot4,BraindeadBZH/godot_card_engine,branches,20,0.1
38,cassidyjames/godot4,1,0,godot,99f27a7aa280,2025-02-25,2025-02-25,0,4.x,False,godot4,HarmonyHoney/ROTA,branches,1,0.1
17,godot_2.x,2,1,godot,a92cdee694a6,2018-03-13,2018-03-13,0,2.x,False,godot_2,henriquelalves/GodotTIE,branches,1,0.1
0,godot-4.0.3-conversion,9,0,godot,a92cdee694a6,2023-09-17,2023-09-17,0,4.x,False,godot-4,jreo03/g-rcp2,branches,9,0.1
10,godot-2.1,0,0,godot,992ad7453568,,2018-01-06,,2.x,True,godot-2,akien-mga/dynadungeons,branches,0,0.1
166,4.x,4,0,godot,992ad7453568,2026-04-20,2026-04-23,3,4.x,False,4.x,nezvers/Godot_Public_Examples,branches,4,0.1
55,godot4,12,0,godot,992ad7453568,2024-02-05,2024-05-08,93,4.x,False,godot4,noidexe/godot-version-manager,branches,11,0.1
7,4.x,1,0,godot,992ad7453568,2023-02-09,2023-02-09,0,4.x,False,4.x,acedogblast/Project-Uranium-Godot,branches,1,0.1
8,godot2,0,0,godot,ff0ff0b5bddc,,2015-06-12,,2.x,True,godot2,empyreanx/godot-state-sync-demo,branches,0,0.1
0,godot3,1,0,godot,ff0ff0b5bddc,2025-12-08,2025-12-08,0,3.x,False,godot3,empyreanx/godot-state-sync-demo,branches,1,0.1
4,godot-4.x,14,0,godot,b3ee52f06d1c,2023-05-08,2025-03-29,691,4.x,False,godot-4,bitbrain/godot-tutorials,branches,12,0.1
0,godot4.x,2,0,godot,b3ee52f06d1c,2023-06-06,2024-11-25,538,4.x,False,godot4,BastiaanOlij/vehicle-demo,branches,2,0.1
265,godot4-port,2,0,godot,00ca97745be6,2021-02-26,2021-02-26,0,4.x,False,godot4,unfa/liblast,branches,2,0.1
20,latest-3.x,0,0,godot,00ca97745be6,,2024-05-30,,3.x,True,3.x,roalyr/GDTLancer-legacy,branches,0,0.1
10,godot-4,9,0,godot,899486564155,2023-04-07,2024-01-19,287,4.x,False,godot-4,argosopentech/Conquest,branches,9,0.1
1,godot4,14,0,godot,899486564155,2023-02-13,2023-09-26,225,4.x,False,godot4,Norodix/GodotMirror,branches,14,0.1
59,godot4,3,0,godot,899486564155,2023-07-11,2023-07-22,11,4.x,False,godot4,Novakasa/brickrail,branches,3,0.1
1,Godot-3.x,1,0,godot,54e0a883f5b1,2025-01-14,2025-01-14,0,3.x,False,Godot-3,XLIVE99/AutoGrid,branches,1,0.1
4,Godot-4.x,15,0,godot,54e0a883f5b1,2024-06-21,2024-08-08,48,4.x,False,Godot-4,XLIVE99/AutoGrid,branches,8,0.1
8,godot3,1,0,godot,54e0a883f5b1,2024-02-13,2024-02-13,0,3.x,False,godot3,alfredbaudisch/GodotDynamicInventorySystem,branches,1,0.1
4,godot-3,0,0,godot,c11b20c3a83d,,2022-08-02,,3.x,True,godot-3,MCMLXXXV/godot-minimal-template,branches,0,0.1
302,godot4,0,0,godot,c11b20c3a83d,,2025-12-22,,4.x,True,godot4,GDQuest/learn-gdscript,branches,0,0.1
2,godot3.x,0,0,godot,c11b20c3a83d,,2023-04-01,,3.x,True,godot3,noidexe/top-down-action-rpg-template,branches,0,0.1
2,godot_3,0,0,godot,8c90d15dfa95,,2022-12-23,,3.x,True,godot_3,viniciusgerevini/godot-goap,branches,0,0.1
1,godot-3,0,0,godot,8c90d15dfa95,,2021-09-25,,3.x,True,godot-3,Greaby/godot-perceptron,branches,0,0.1
50,SDK_Godot_3,2,0,godot,8c90d15dfa95,2022-05-25,2022-05-25,0,3.x,False,Godot_3,ARez2/LootLocker-Godot-SDK,branches,2,0.1
106,godot-3,0,0,godot,8c90d15dfa95,,2023-01-08,,3.x,True,godot-3,crystal-bit/godot-game-template,branches,0,0.1
44,godot-4.x,0,0,godot,a4fc220d6d6b,,2023-03-02,,4.x,True,godot-4,glass-brick/Scene-Manager,branches,0,0.1
64,legacy-godot-3.x,14,0,godot,a4fc220d6d6b,2022-04-09,2023-03-02,327,3.x,False,godot-3,glass-brick/Scene-Manager,branches,12,0.1
2166,godot-3.5,0,0,godot,a4fc220d6d6b,,2023-02-08,,3.x,True,godot-3,russmatney/dino,branches,0,0.1
2125,godot-4.0,0,0,godot,a4fc220d6d6b,,2023-02-11,,4.x,True,godot-4,russmatney/dino,branches,0,0.1
19,godot4.0-stable,0,0,godot,b57512aa4f06,,2023-03-10,,4.x,True,godot4,bitbrain/godot-gamejam,branches,0,0.1
74,godot-3.x,0,0,godot,b57512aa4f06,,2023-01-22,,3.x,True,godot-3,sakkaku-dev/godot-template,branches,0,0.1
205,godot-4.1.1,0,0,godot,b57512aa4f06,,2023-08-05,,4.x,True,godot-4,HumanoidSandvichDispenser/SupaLidlGame,branches,0,0.1
100,godot-4.2,0,0,godot,b57512aa4f06,,2023-12-13,,4.x,True,godot-4,HumanoidSandvichDispenser/SupaLidlGame,branches,0,0.1
69,godot-4.3,0,0,godot,b57512aa4f06,,2024-01-25,,4.x,True,godot-4,HumanoidSandvichDispenser/SupaLidlGame,branches,0,0.1
101,godot2_master,0,0,godot,b57512aa4f06,,2017-09-08,,2.x,True,godot2,amedlock/minotaur,branches,0,0.1
101,godot2_retro,1,0,godot,b57512aa4f06,2017-09-08,2017-09-08,0,2.x,False,godot2,amedlock/minotaur,branches,1,0.1
48,godot3,0,0,godot,b57512aa4f06,,2022-10-08,,3.x,True,godot3,amedlock/minotaur,branches,0,0.1
45,godot4,0,0,godot,b57512aa4f06,,2023-04-11,,4.x,True,godot4,amedlock/minotaur,branches,0,0.1
105,3.x,0,0,godot,b57512aa4f06,,2023-04-24,,3.x,True,3.x,retrohub-org/retrohub,branches,0,0.1
34,godot3,0,0,godot,d8c7ec7658ba,,2025-09-07,,3.x,True,godot3,3ddelano/discord.gd,branches,0,0.1
81,part1_godot3,0,0,godot,d8c7ec7658ba,,2022-09-21,,3.x,True,godot3,ImmersiveRPG/ExampleRagdoll,branches,0,0.1
19,part2_godot3,0,0,godot,d8c7ec7658ba,,2022-09-29,,3.x,True,godot3,ImmersiveRPG/ExampleRagdoll,branches,0,0.1
0,part3_godot4,0,0,godot,d8c7ec7658ba,,2023-10-18,,4.x,True,godot4,ImmersiveRPG/ExampleRagdoll,branches,0,0.1
0,part4_godot4,13,0,godot,d8c7ec7658ba,2023-11-10,2024-03-12,123,4.x,False,godot4,ImmersiveRPG/ExampleRagdoll,branches,13,0.1
82,godot-3,78,0,godot,d8c7ec7658ba,2020-02-11,2022-09-04,936,3.x,False,godot-3,godot-go/godot-go,branches,77,0.1
3,godot4,0,0,godot,d8c7ec7658ba,,2023-03-10,,4.x,True,godot4,Dimev/Realistic-Atmosphere-Godot-and-UE4,branches,0,0.1
12,3.x,0,0,godot,0f20e25e728c,,2022-02-08,,3.x,True,3.x,KoBeWi/Godot-Palette-Swap-Shader,branches,0,0.1
21,godot-3.5,0,0,godot,0f20e25e728c,,2022-01-08,,3.x,True,godot-3,FreeFlyFall/RigidBodyController,branches,0,0.1
0,godot-4,0,0,godot,0f20e25e728c,,2024-11-08,,4.x,True,godot-4,FreeFlyFall/RigidBodyController,branches,0,0.1
38,godot_3,17,0,godot,0f20e25e728c,2023-10-25,2024-11-26,398,3.x,False,godot_3,viniciusgerevini/godot-clyde-dialogue,branches,17,0.1
3,godot-3,0,0,godot,0f20e25e728c,,2023-11-01,,3.x,True,godot-3,Greaby/godot-neuroevolution,branches,0,0.1
4,godot-4,0,0,godot,0f20e25e728c,,2021-09-25,,4.x,True,godot-4,Greaby/godot-neuroevolution,branches,0,0.1
1,4.x,0,0,godot,0f20e25e728c,,2025-11-20,,4.x,True,4.x,bakneko/WaveShooter,branches,0,0.1
2,gd-3.x,0,0,godot,4fd761645d85,,2022-10-16,,3.x,True,3.x,Whimfoome/godot-FirstPersonStarter,branches,0,0.1
1,godot-3,0,0,godot,4fd761645d85,,2021-11-18,,3.x,True,godot-3,Greaby/godot-2d-track-generator,branches,0,0.1
87,3.x,0,0,godot,4fd761645d85,,2022-02-08,,3.x,True,3.x,KoBeWi/Godot-Spritesheet-Generator,branches,0,0.1
5,godot-3,0,0,godot,4fd761645d85,,2023-08-29,,3.x,True,godot-3,gdquest-demos/godot-visual-effects,branches,0,0.1
11,3.x,0,0,godot,4fd761645d85,,2023-01-03,,3.x,True,3.x,LucaJunge/godot_orbit_controls,branches,0,0.1
24,3.x,0,0,godot,642a24306b30,,2023-01-25,,3.x,True,3.x,MrEliptik/godot_experiments,branches,0,0.1
10,godot-3,2,1,godot,642a24306b30,2023-09-27,2023-10-05,8,3.x,False,godot-3,Greaby/godot-qrcode-generator,branches,1,0.1
127,godot3.x,0,0,godot,642a24306b30,,2021-09-25,,3.x,True,godot3,Zylann/solar_system_demo,branches,0,0.1
47,godot4,0,0,godot,642a24306b30,,2022-12-17,,4.x,True,godot4,Zylann/solar_system_demo,branches,0,0.1
402,2.x,3,0,godot,642a24306b30,2022-07-31,2022-08-02,2,2.x,False,2.x,GodotVR/godot-xr-tools,branches,2,0.1
269,3.x,5,0,godot,642a24306b30,2023-03-31,2023-04-23,23,3.x,False,3.x,GodotVR/godot-xr-tools,branches,4,0.1
162,4.3.x,0,0,godot,642a24306b30,,2024-06-21,,3.x,True,3.x,GodotVR/godot-xr-tools,branches,0,0.1
