boundary_sha,deletions,engine,ev_id,files_changed,insertions,pre_bytes,pre_files,pre_gd_files,pre_scene_files,repo_id,schema,scope,v
1d504554202a995d68f5f1246036feafad9579f3,92,godot,0b23021ed5d8,8,58,3018606,438,13,15,touilleMan/godot-python,churn,boundary-commit,0.1
1d504554202a995d68f5f1246036feafad9579f3,4064,godot,0b23021ed5d8,106,8545,2848256,409,13,15,touilleMan/godot-python,churn,window,0.1
494efe16a928aa7f3a455eca66431ed15461833e,1,godot,0b23021ed5d8,1,6,3027581,436,13,15,touilleMan/godot-python,churn,boundary-commit,0.1
494efe16a928aa7f3a455eca66431ed15461833e,745,godot,0b23021ed5d8,50,1132,3017925,438,13,15,touilleMan/godot-python,churn,window,0.1
121bee7bdc0d646fb481f8b6a17d855f192c4e03,30,godot,0b23021ed5d8,6,53,2539476,262,15,19,touilleMan/godot-python,churn,boundary-commit,0.1
121bee7bdc0d646fb481f8b6a17d855f192c4e03,74,godot,0b23021ed5d8,10,275,2534322,262,15,19,touilleMan/godot-python,churn,window,0.1
068aae8c1681f2494b569b3b5c3d5fee125c3795,505,godot,0b23021ed5d8,44,392,1783109,209,13,14,touilleMan/godot-python,churn,boundary-commit,0.1
068aae8c1681f2494b569b3b5c3d5fee125c3795,648,godot,0b23021ed5d8,59,579,1780965,208,13,14,touilleMan/godot-python,churn,window,0.1
ba4e8ec26c9e9e98ee36be80ae70bb00242a1f6d,2091,godot,0b23021ed5d8,123,2188,5175615,314,32,25,git-learning-game/oh-my-git,churn,boundary-commit,0.1
24069a0d78fc047ecdd16b0b018ab5189e385403,370,godot,0b23021ed5d8,10,137,4446783,146,1,3,godot-rust/gdnative,churn,boundary-commit,0.1
24069a0d78fc047ecdd16b0b018ab5189e385403,851,godot,0b23021ed5d8,29,676,4446638,150,1,4,godot-rust/gdnative,churn,window,0.1
24069a0d78fc047ecdd16b0b018ab5189e385403,370,godot,0b23021ed5d8,10,137,4446783,146,1,3,godot-rust/gdnative,churn,boundary-commit,0.1
24069a0d78fc047ecdd16b0b018ab5189e385403,851,godot,0b23021ed5d8,29,676,4446638,150,1,4,godot-rust/gdnative,churn,window,0.1
e77f82b202ea61c679b6f4d9b44904105e5f3d1b,23,godot,0b23021ed5d8,6,88,10297293,791,2,11,godot-rust/gdnative,churn,boundary-commit,0.1
e77f82b202ea61c679b6f4d9b44904105e5f3d1b,107,godot,0b23021ed5d8,598,72479,7266620,230,2,11,godot-rust/gdnative,churn,window,0.1
801c3fa853960255210697b4a085d32ef832ea30,241,godot,0b23021ed5d8,54,348,4581588,363,109,96,gdquest-demos/godot-make-pro-2d-games,churn,boundary-commit,0.1
beb341bbce58b25eb0aacbbe21a1755c97ffabae,445,godot,0b23021ed5d8,6,145,787481,56,8,10,cis-ash/TEXTREME,churn,boundary-commit,0.1
beb341bbce58b25eb0aacbbe21a1755c97ffabae,469,godot,0b23021ed5d8,13,531,782176,49,7,10,cis-ash/TEXTREME,churn,window,0.1
53b1d31fff065fa1d8db5bcd1e073d6c576c0154,5153,godot,0b23021ed5d8,58,5620,15280227,236,87,6,quentincaffeino/godot-console,churn,boundary-commit,0.1
211f192e7b013701954aec1774bddd9c74c09592,795,godot,0b23021ed5d8,57,782,45298583,135,22,12,Arnklit/Waterways,churn,boundary-commit,0.1
8ac53d4c26117bdb8addd26b4a9d1f33dfa86491,15997,godot,6b79220010ab,212,59,1967097,210,40,21,ClarkThyLord/Voxel-Core,churn,boundary-commit,0.1
8ac53d4c26117bdb8addd26b4a9d1f33dfa86491,15773,godot,6b79220010ab,205,59,1960509,203,36,18,ClarkThyLord/Voxel-Core,churn,window,0.1
d0741eb4b5b89fcf24d45ab777bfd43790dfc783,6436,godot,6b79220010ab,39,4193,28172938,121,4,1,jayaarrgh/BookOfShaders-Godot,churn,boundary-commit,0.1
adf9a90467a7c1b2a02333a61765fe78184c2d73,9594,godot,6b79220010ab,266,11956,8918818,697,158,24,ephread/inkgd,churn,boundary-commit,0.1
adf9a90467a7c1b2a02333a61765fe78184c2d73,9882,godot,6b79220010ab,443,12627,8906700,688,158,24,ephread/inkgd,churn,window,0.1
454797df723da1afb160231a4bafefd3c6a4c11c,3691,godot,6b79220010ab,113,3375,27260414,1130,154,98,gdquest-demos/godot-3-demos-2022,churn,boundary-commit,0.1
74ee06b74c5e397a8e86f3c663880d2579e2d3cf,7984,godot,6b79220010ab,78,2584,27244189,1129,152,97,gdquest-demos/godot-3-demos-2022,churn,boundary-commit,0.1
74ee06b74c5e397a8e86f3c663880d2579e2d3cf,12189,godot,6b79220010ab,211,6262,27260414,1130,154,98,gdquest-demos/godot-3-demos-2022,churn,window,0.1
e88649b9ec5a9b83d0e415520816ac9036eb52ae,2168,godot,6b79220010ab,82,2436,27102597,1106,136,97,gdquest-demos/godot-3-demos-2022,churn,boundary-commit,0.1
e88649b9ec5a9b83d0e415520816ac9036eb52ae,14357,godot,6b79220010ab,293,8698,27260414,1130,154,98,gdquest-demos/godot-3-demos-2022,churn,window,0.1
5ca1f4b486a821e076c2e106a2f53c7ce484f0e3,2693,godot,6b79220010ab,70,724,26665466,1078,133,96,gdquest-demos/godot-3-demos-2022,churn,boundary-commit,0.1
5ca1f4b486a821e076c2e106a2f53c7ce484f0e3,17829,godot,6b79220010ab,378,9382,27260414,1130,154,98,gdquest-demos/godot-3-demos-2022,churn,window,0.1
bec7944fb8aa0a56a44bbcaa915cc809dcf670df,2905,godot,6b79220010ab,81,1250,26348834,1052,117,93,gdquest-demos/godot-3-demos-2022,churn,boundary-commit,0.1
bec7944fb8aa0a56a44bbcaa915cc809dcf670df,20734,godot,6b79220010ab,459,10632,27260414,1130,154,98,gdquest-demos/godot-3-demos-2022,churn,window,0.1
82d8b8deb50a030b80dedab9dc50ef532f1b3840,2616,godot,6b79220010ab,109,1801,26303157,1036,102,92,gdquest-demos/godot-3-demos-2022,churn,boundary-commit,0.1
82d8b8deb50a030b80dedab9dc50ef532f1b3840,23350,godot,6b79220010ab,568,12433,27260414,1130,154,98,gdquest-demos/godot-3-demos-2022,churn,window,0.1
2637d2e0e2708fb51be42c756528b297c2bc4595,2728,godot,6b79220010ab,120,3098,26285522,1032,92,91,gdquest-demos/godot-3-demos-2022,churn,boundary-commit,0.1
2637d2e0e2708fb51be42c756528b297c2bc4595,26091,godot,6b79220010ab,682,15544,27260414,1130,154,98,gdquest-demos/godot-3-demos-2022,churn,window,0.1
d5656ea070e1e8c356a2a499b9164cf78bc4ec76,2566,godot,6b79220010ab,60,2381,26312294,1044,91,90,gdquest-demos/godot-3-demos-2022,churn,boundary-commit,0.1
d5656ea070e1e8c356a2a499b9164cf78bc4ec76,28657,godot,6b79220010ab,742,17925,27260414,1130,154,98,gdquest-demos/godot-3-demos-2022,churn,window,0.1
3dca42777587d383731bc936358c2043a92ecf95,85,godot,6b79220010ab,8,150,62469642,321,30,63,GDQuest/godot-power-pitch,churn,boundary-commit,0.1
3dca42777587d383731bc936358c2043a92ecf95,87,godot,6b79220010ab,8,152,62469642,321,30,63,GDQuest/godot-power-pitch,churn,window,0.1
1380392998d677b0b8ba6ac7eeb839da344cb38b,651,godot,6b79220010ab,227,1232,54053324,554,0,22,getenu/enu,churn,boundary-commit,0.1
1380392998d677b0b8ba6ac7eeb839da344cb38b,662,godot,6b79220010ab,310,2680,51925511,477,0,19,getenu/enu,churn,window,0.1
42d4bc19797f5f973c67c00e9fabc8d2fe89e23b,14382,godot,6b79220010ab,201,359997,51929302,478,0,19,getenu/enu,churn,boundary-commit,0.1
ab00dda1db226e8ea3d98027179d680c6464c0cb,188,godot,99f27a7aa280,7,366,38317024,20,3,3,hiulit/Godot-3-2D-Day-Night-Cycle,churn,boundary-commit,0.1
85b30459b848bd578ac28cf4ab8c8d27e1fc2df6,156,godot,99f27a7aa280,4,41,18508023,487,29,29,wesnoth/haldric,churn,boundary-commit,0.1
213515ca6603d6f864810c2f05136fa316fa7cc3,13547,godot,99f27a7aa280,498,148,18508023,487,29,29,wesnoth/haldric,churn,boundary-commit,0.1
1cf2ffd8cc86242d9641cba1792a4c5c39e1139a,1328,godot,99f27a7aa280,45,325,32655984,259,69,33,Bauxitedev/meteorite,churn,boundary-commit,0.1
71470acebe67105a550ab15c17fc7f20a3e626e9,5465,godot,99f27a7aa280,1035,8019,66673947,765,92,166,HarmonyHoney/ROTA,churn,boundary-commit,0.1
71470acebe67105a550ab15c17fc7f20a3e626e9,5468,godot,99f27a7aa280,1043,11354,66473970,759,92,166,HarmonyHoney/ROTA,churn,window,0.1
c74136fd64eef3d04d0bea912a66deba5d1fe377,180,godot,99f27a7aa280,8,71,97979836,198,70,23,rakugoteam/Rakugo-archive,churn,boundary-commit,0.1
c74136fd64eef3d04d0bea912a66deba5d1fe377,567,godot,99f27a7aa280,30,504,97996393,198,70,23,rakugoteam/Rakugo-archive,churn,window,0.1
89e5bd4b09f631a3ce29c0052c2a2df60b870095,199,godot,a92cdee694a6,8,64,45883,18,3,1,henriquelalves/GodotTIE,churn,boundary-commit,0.1
89e5bd4b09f631a3ce29c0052c2a2df60b870095,206,godot,a92cdee694a6,10,83,46128,18,3,1,henriquelalves/GodotTIE,churn,window,0.1
41267eab3cd0b1c32d508ce589c6ad2f5630e327,17,godot,a92cdee694a6,7,29,8334155,42,3,5,GodotVR/godot_openxr_for_godot_3.x,churn,boundary-commit,0.1
41267eab3cd0b1c32d508ce589c6ad2f5630e327,13,godot,a92cdee694a6,10,29,8207746,41,3,5,GodotVR/godot_openxr_for_godot_3.x,churn,window,0.1
7b2f051ac786823c226120dfd578bfcea21c0c3e,2465,godot,a92cdee694a6,107,538,6742639,266,3,18,utopia-rise/godot-kotlin-native,churn,boundary-commit,0.1
7b2f051ac786823c226120dfd578bfcea21c0c3e,99493,godot,a92cdee694a6,640,511,10297529,792,3,18,utopia-rise/godot-kotlin-native,churn,window,0.1
dcb21be6c122353821c8de44bccbb65be8129403,886,godot,992ad7453568,169,2733,8721693,186,41,57,HarmonyHoney/tiny_crate,churn,boundary-commit,0.1
dcb21be6c122353821c8de44bccbb65be8129403,3604,godot,992ad7453568,199,2733,8823685,216,55,66,HarmonyHoney/tiny_crate,churn,window,0.1
a91e17aeabc297664e66d9182e9b28ab815259e4,788,godot,992ad7453568,170,2883,1018338,61,12,2,noidexe/godot-version-manager,churn,boundary-commit,0.1
a91e17aeabc297664e66d9182e9b28ab815259e4,791,godot,992ad7453568,170,2921,1016926,61,12,2,noidexe/godot-version-manager,churn,window,0.1
d761d281fcd129fa3ddfdaabd4af09e9b2d10187,181,godot,992ad7453568,5,16,216194,33,18,3,romlok/godot-gdhexgrid,churn,boundary-commit,0.1
2263f7be822ecf8ec7b624ef11fcb8d39a54ae2c,423,godot,992ad7453568,15,421,402575,51,15,14,acedogblast/Project-Uranium-Godot,churn,boundary-commit,0.1
461966de63463975970d3f79618c5a889eac225f,62515,godot,992ad7453568,299,12025,15104151,531,257,65,acedogblast/Project-Uranium-Godot,churn,boundary-commit,0.1
d088d2cfdfcc7c4a2f95bf749740d55289eb4860,6413,godot,992ad7453568,310,5020,78328096,612,38,22,Rhythia/sound-space-plus,churn,boundary-commit,0.1
d088d2cfdfcc7c4a2f95bf749740d55289eb4860,67286,godot,992ad7453568,1092,250332,127989802,883,245,63,Rhythia/sound-space-plus,churn,window,0.1
33866870c78fb5fbfcdc0b3ca2a8d2f7c0a4a09a,2,godot,ff0ff0b5bddc,12,300,42783,12,0,1,spkingr/Godot-Demos,churn,boundary-commit,0.1
33866870c78fb5fbfcdc0b3ca2a8d2f7c0a4a09a,0,godot,ff0ff0b5bddc,22,672,0,0,0,0,spkingr/Godot-Demos,churn,window,0.1
6f80a18a52bdfc8e8750c7b347ab9f0d189c9f83,381,godot,ff0ff0b5bddc,8,28,1765618,14,1,2,Bauxitedev/godot-motion-blur,churn,boundary-commit,0.1
6f80a18a52bdfc8e8750c7b347ab9f0d189c9f83,383,godot,ff0ff0b5bddc,8,30,1765616,14,1,2,Bauxitedev/godot-motion-blur,churn,window,0.1
7a775fdf752ae03780cfbb68b4a31f5aab3eb212,495,godot,ff0ff0b5bddc,19,242,2589113,32,2,1,JaccomoLorenz/godot-camera-control,churn,boundary-commit,0.1
094ae293b27b0eb9b9bd2efcb5b0d208537100b2,119,godot,ff0ff0b5bddc,5,62,12946356,38,8,3,Bauxitedev/godot-texture-painter,churn,boundary-commit,0.1
094ae293b27b0eb9b9bd2efcb5b0d208537100b2,0,godot,ff0ff0b5bddc,38,27805,0,0,0,0,Bauxitedev/godot-texture-painter,churn,window,0.1
7a212adff5b83ea5a26947698eb62277ca142329,526,godot,ff0ff0b5bddc,8,14521,6843869,34,6,2,Bauxitedev/godot-texture-painter,churn,boundary-commit,0.1
7a212adff5b83ea5a26947698eb62277ca142329,0,godot,ff0ff0b5bddc,38,27862,0,0,0,0,Bauxitedev/godot-texture-painter,churn,window,0.1
af95fcd74dc79222817b0e78294b529baac72ad5,4575,godot,ff0ff0b5bddc,18,169,12651957,58,18,4,Bauxitedev/godot-texture-painter,churn,boundary-commit,0.1
d5433aaf4b4424aa06c8fea5ae136f81be0f850a,315,godot,ff0ff0b5bddc,6,293,18928,13,2,2,empyreanx/godot-state-sync-demo,churn,boundary-commit,0.1
e70f893e6c6b39465f363ea2ddcf46b7b53c5280,4325,godot,ff0ff0b5bddc,208,4326,27100354,565,168,54,mayank-prasoon/world-maker,churn,boundary-commit,0.1
e70f893e6c6b39465f363ea2ddcf46b7b53c5280,4342,godot,ff0ff0b5bddc,562,4340,27100306,565,168,54,mayank-prasoon/world-maker,churn,window,0.1
40445614bd9a5959945846433f1fb207f61fd077,56,godot,b3ee52f06d1c,16,263,5570756,63,4,3,BastiaanOlij/vehicle-demo,churn,boundary-commit,0.1
39b464b6aa1c2f73d11eb1b0b47994b1cd71b889,17373,godot,b3ee52f06d1c,267,3477,370544275,402,45,38,BastiaanOlij/vehicle-demo,churn,boundary-commit,0.1
1b122deaa954cdc0202174597a58e24dc50ea352,218,godot,00ca97745be6,63,253,862944,124,31,19,arypbatista/godot-swipe-detector,churn,boundary-commit,0.1
1b122deaa954cdc0202174597a58e24dc50ea352,107,godot,00ca97745be6,63,405,855908,122,30,18,arypbatista/godot-swipe-detector,churn,window,0.1
ffa72cae875405b6b1a999b4ae08cce007d93711,4179,godot,899486564155,537,5042,11682723,353,40,72,argosopentech/Conquest,churn,boundary-commit,0.1
ffa72cae875405b6b1a999b4ae08cce007d93711,4184,godot,899486564155,537,5052,11682577,353,40,72,argosopentech/Conquest,churn,window,0.1
1d0ac3087ff25e4c2dfd6d03d6315683fce0ec32,94,godot,899486564155,9,86,98721,21,3,2,Norodix/GodotMirror,churn,boundary-commit,0.1
64559e24b47a9fd184ee788e6d8370f4c74c7d46,10043,godot,899486564155,171,6500,108166858,190,3,3,catprisbrey/Third-Person-Controller---Godot-Souls-like,churn,boundary-commit,0.1
64559e24b47a9fd184ee788e6d8370f4c74c7d46,0,godot,899486564155,0,0,46782751,40,2,3,catprisbrey/Third-Person-Controller---Godot-Souls-like,churn,window,0.1
fbc17cbabbaf5fe06625a8991cf1caf8be690650,6500,godot,899486564155,171,10043,46782751,40,2,3,catprisbrey/Third-Person-Controller---Godot-Souls-like,churn,boundary-commit,0.1
fd7814dca460292dcbe630ea8cc59388646d07d3,7835,godot,899486564155,106,5802,21688530,275,70,23,Novakasa/brickrail,churn,boundary-commit,0.1
fd7814dca460292dcbe630ea8cc59388646d07d3,8066,godot,899486564155,128,11901,21588460,261,65,21,Novakasa/brickrail,churn,window,0.1
4ddaceba5a8b1c7d22a651b64bc43572c2863efd,2717,godot,54e0a883f5b1,19,1687,3477355,47,10,8,XLIVE99/AutoGrid,churn,boundary-commit,0.1
4ddaceba5a8b1c7d22a651b64bc43572c2863efd,2728,godot,54e0a883f5b1,23,1725,3470544,47,10,8,XLIVE99/AutoGrid,churn,window,0.1
36223c77efc87bff3b02159eb66410fe5cc9cab5,3466,godot,54e0a883f5b1,31,3264,3506625,48,10,8,XLIVE99/AutoGrid,churn,boundary-commit,0.1
d905aed393f68dff3288e1e4b2299b07c15f15c8,3727,godot,54e0a883f5b1,267,4659,7699352,584,26,23,alfredbaudisch/GodotDynamicInventorySystem,churn,boundary-commit,0.1
b34e4dca41383864c099ee8eed74eaa36d25bdc3,358,godot,54e0a883f5b1,25,339,6134343,92,15,8,gdquest-demos/godot-4-2d-visual-novel,churn,boundary-commit,0.1
b34e4dca41383864c099ee8eed74eaa36d25bdc3,494,godot,54e0a883f5b1,37,510,6132727,91,15,8,gdquest-demos/godot-4-2d-visual-novel,churn,window,0.1
d7c51d560feb101eec21e35f5bb91d543f76aaef,136,godot,54e0a883f5b1,12,171,6132727,91,15,8,gdquest-demos/godot-4-2d-visual-novel,churn,boundary-commit,0.1
dcfca1873f46f7e700575067b3bc54abb046921e,46,godot,c11b20c3a83d,4,41,10841,9,1,1,MCMLXXXV/godot-minimal-template,churn,boundary-commit,0.1
0d48d5fe2aa65bc8e455c78043f1d30085ad9804,190,godot,c11b20c3a83d,10,192,361765,26,6,4,ivoyager/project_template,churn,boundary-commit,0.1
c1b8ef4397f487feedd11be9bfee307951b57366,1356,godot,c11b20c3a83d,101,1444,2433900,332,10,5,DJj123dj/bad-flappybird,churn,boundary-commit,0.1
5b963114cbbf22cb8ab2a1d2127f4199578fd689,18491,godot,c11b20c3a83d,262,15109,4124735,225,113,58,mhgolkar/Arrow,churn,boundary-commit,0.1
65a7b1495a8890270b43689724498b55d799a1fc,18305,godot,c11b20c3a83d,1038,24231,37184777,1489,228,329,GDQuest/learn-gdscript,churn,boundary-commit,0.1
a9f3ccb41be5037990770b9e5357bbb091464a7a,2739,godot,c11b20c3a83d,386,5367,18170020,206,20,27,noidexe/top-down-action-rpg-template,churn,boundary-commit,0.1
f769d9d00af579b1a5230c1d5c77adbfb78fc293,2155,godot,c11b20c3a83d,205,1202,21621692,404,2,11,Calinou/godot-2020-year-in-review,churn,boundary-commit,0.1
2c8bdc93e4eb274700d93e0a62c5f9e8a3152bac,1009,godot,8c90d15dfa95,31,4735,235572,47,22,8,viniciusgerevini/godot-goap,churn,boundary-commit,0.1
ad33c32c2e41fbe9b505173833f15e2d3d42c9b6,319,godot,8c90d15dfa95,18,149,543278,17,6,3,MrJustreborn/godot_PCKManager,churn,boundary-commit,0.1
8f8c9930aeba12e2289f59585f128766b974a789,101,godot,8c90d15dfa95,12,130,10747,13,3,2,Greaby/godot-perceptron,churn,boundary-commit,0.1
c70e30b71d4558940f78c7b7323f8978598626e3,7093,godot,8c90d15dfa95,958,15542,689841,1037,31,39,MateuSai/Godot-Roguelike-Tutorial,churn,boundary-commit,0.1
704cfe5d55d1bad4018fdc5c75ffa5ba6b28e1a8,150,godot,8c90d15dfa95,16,154,21669,25,2,7,makifdb/godot-match3-template,churn,boundary-commit,0.1
904d8fed7a76ed2e619a12f259a9914cf22ba32e,267,godot,8c90d15dfa95,24,309,313987,37,13,4,crystal-bit/godot-game-template,churn,boundary-commit,0.1
5a82a0af5c5fe0638bc15aca6b3e676b5f0e3d7d,376,godot,a4fc220d6d6b,65,6587,34789736,79,8,6,BastiaanOlij/godot-terrain-edit,churn,boundary-commit,0.1
5a82a0af5c5fe0638bc15aca6b3e676b5f0e3d7d,0,godot,a4fc220d6d6b,119,10404,0,0,0,0,BastiaanOlij/godot-terrain-edit,churn,window,0.1
87a5000dbfdc89b7931d7e1a73f404c6aa9b37dc,259,godot,a4fc220d6d6b,26,241,1232198,45,8,3,glass-brick/Scene-Manager,churn,boundary-commit,0.1
01eff331352af18cbb2dedac4d91e2b63238cf2b,16541,godot,a4fc220d6d6b,54,289,27392464,72,0,7,rednir/OsuSkinMixer,churn,boundary-commit,0.1
01eff331352af18cbb2dedac4d91e2b63238cf2b,15933,godot,a4fc220d6d6b,57,371,27337439,61,0,6,rednir/OsuSkinMixer,churn,window,0.1
9bbd2c4f75ce639e3d973b644a3f82c37cbbcc84,1615,godot,a4fc220d6d6b,71,1559,160669,146,0,2,rakkarage/PixelFood,churn,boundary-commit,0.1
9bbd2c4f75ce639e3d973b644a3f82c37cbbcc84,1615,godot,a4fc220d6d6b,71,1559,160669,146,0,2,rakkarage/PixelFood,churn,window,0.1
4cc220fa0e476abf605ff6deca484d23d9c4be47,1768,godot,a4fc220d6d6b,74,1589,160669,146,0,2,rakkarage/PixelFood,churn,boundary-commit,0.1
4cc220fa0e476abf605ff6deca484d23d9c4be47,1768,godot,a4fc220d6d6b,74,1589,160669,146,0,2,rakkarage/PixelFood,churn,window,0.1
7a747e581e58c8d472b30e1cdb7f0d682d3dae75,3755,godot,a4fc220d6d6b,329,4238,2105031,319,93,80,gdquest-demos/godot-2d-builder,churn,boundary-commit,0.1
7a747e581e58c8d472b30e1cdb7f0d682d3dae75,3755,godot,a4fc220d6d6b,329,4238,2105031,319,93,80,gdquest-demos/godot-2d-builder,churn,boundary-commit,0.1
7a747e581e58c8d472b30e1cdb7f0d682d3dae75,3755,godot,a4fc220d6d6b,329,4238,2105031,319,93,80,gdquest-demos/godot-2d-builder,churn,boundary-commit,0.1
7a747e581e58c8d472b30e1cdb7f0d682d3dae75,3755,godot,a4fc220d6d6b,329,4238,2105031,319,93,80,gdquest-demos/godot-2d-builder,churn,boundary-commit,0.1
9f9317559eb59fe1c9d31982b4999238ed2a7056,29,godot,a4fc220d6d6b,7,18,43840782,42,6,3,V-Sekai-archive/godot-gltf-sandbox,churn,boundary-commit,0.1
e6be86c28d5afa9e6639f82c0e3d05ce2d67168b,27,godot,a4fc220d6d6b,179,336,26262366,17,0,0,theRealProHacker/BirdsTD,churn,boundary-commit,0.1
14638ea0300cf1fe2c5b0994a79add1d14959b87,658,godot,a4fc220d6d6b,12,270,12418662,65,7,8,BastiaanOlij/godot3_test_projects,churn,boundary-commit,0.1
6f03c32baf40e588cfa821b4dac4e2e2419ac7cf,286,godot,a4fc220d6d6b,6,93,12407973,73,7,8,BastiaanOlij/godot3_test_projects,churn,boundary-commit,0.1
6f03c32baf40e588cfa821b4dac4e2e2419ac7cf,944,godot,a4fc220d6d6b,18,363,12418662,65,7,8,BastiaanOlij/godot3_test_projects,churn,window,0.1
0afa6d834e671cbacb6372edec7ab154d4a949b1,8176,godot,a4fc220d6d6b,759,9095,242905378,1288,378,259,russmatney/dino,churn,boundary-commit,0.1
0afa6d834e671cbacb6372edec7ab154d4a949b1,8653,godot,a4fc220d6d6b,948,19644,46656701,1014,325,213,russmatney/dino,churn,window,0.1
9593a8635f5014de628e0a32154f84579621bfc8,16207,godot,b57512aa4f06,135,277,3688333,199,95,19,sakkaku-dev/godot-template,churn,boundary-commit,0.1
9593a8635f5014de628e0a32154f84579621bfc8,13709,godot,b57512aa4f06,182,1730,3147717,144,75,13,sakkaku-dev/godot-template,churn,window,0.1
23cb4d68120571437adb4bb372103047a7a25b18,66,godot,b57512aa4f06,8,53,24507,19,1,1,niscolas/nvim-godot,churn,boundary-commit,0.1
23cb4d68120571437adb4bb372103047a7a25b18,77,godot,b57512aa4f06,12,80,23571,18,1,1,niscolas/nvim-godot,churn,window,0.1
6d9c10e11baafc649e894331269a4ccc9d26f486,2271,godot,b57512aa4f06,54,2291,3270313,93,1,1,Flone-dnb/FBugReporter,churn,boundary-commit,0.1
6d9c10e11baafc649e894331269a4ccc9d26f486,2272,godot,b57512aa4f06,54,2292,3270070,93,1,1,Flone-dnb/FBugReporter,churn,window,0.1
438f9de85ebf2561e18774ca0c4af91962a91e1e,395,godot,b57512aa4f06,44,265,10423342,148,24,24,amedlock/minotaur,churn,boundary-commit,0.1
4d743b0f781e046eb413d3175252a71fdebee397,2796,godot,b57512aa4f06,108,2364,9229547,156,25,25,amedlock/minotaur,churn,boundary-commit,0.1
5339f568b3005ea9c67d15b9dbd7d0c99f709e5e,23210,godot,b57512aa4f06,943,19830,36603781,1621,114,56,retrohub-org/retrohub,churn,boundary-commit,0.1
3c1bc3509d4f6ba393b1ec2357f28f48aad952e5,1878,godot,b57512aa4f06,142,1280,32486091,190,1,1,Calinou/godot-reflection,churn,boundary-commit,0.1
72fddb58527bb31ea813ecf0a1067e6d6209aaa7,3684,godot,d8c7ec7658ba,42,607,403177,67,6,6,MenacingMecha/godot-n64-shader-demo,churn,boundary-commit,0.1
72fddb58527bb31ea813ecf0a1067e6d6209aaa7,5407,godot,d8c7ec7658ba,80,1712,431464,67,6,4,MenacingMecha/godot-n64-shader-demo,churn,window,0.1
abc83e732ae134d5a44527045294ea591133e304,1565,godot,d8c7ec7658ba,50,1220,315687,103,20,7,Dheatly23/godot-wasm,churn,boundary-commit,0.1
abc83e732ae134d5a44527045294ea591133e304,1649,godot,d8c7ec7658ba,52,1494,308976,103,20,7,Dheatly23/godot-wasm,churn,window,0.1
e61518f567af5a2bde417c647fa9c8a455d197c0,992,godot,d8c7ec7658ba,23,383,49285,22,2,1,MechanicalFlower/godot-template,churn,boundary-commit,0.1
e04f83ba871a799011a4c5b038fea77fecb405fa,20,godot,d8c7ec7658ba,3,20,18846116,22,2,1,Dimev/Realistic-Atmosphere-Godot-and-UE4,churn,boundary-commit,0.1
e295741af7515e94a86462b00db3942c2eec3b39,29,godot,d8c7ec7658ba,3,22,102518254,11,0,1,V-Sekai/godot-spatial-audio-project,churn,boundary-commit,0.1
5cf4caade464313492a371f7a00abd283ca1eaf0,160,godot,0f20e25e728c,10,116,842740,26,1,1,KoBeWi/Godot-Palette-Swap-Shader,churn,boundary-commit,0.1
f2cbc481e93420a56beab11f1db8f8c77999a3b8,330,godot,0f20e25e728c,11,355,3417373,18,4,1,FreeFlyFall/RigidBodyController,churn,boundary-commit,0.1
1b8b8eeecf9b10ca6709d272618846e423012d4c,8731,godot,0f20e25e728c,167,7984,1135702,106,71,9,ydipeepo/godot-motion,churn,boundary-commit,0.1
7d70dc51c0acce9941e5130b865ee4eb566f6258,4908,godot,0f20e25e728c,132,8297,2284885,139,60,8,viniciusgerevini/godot-clyde-dialogue,churn,boundary-commit,0.1
d0c7e429560217a241b9ddbf4797ee500cda6b52,281,godot,0f20e25e728c,20,365,222026,61,5,4,jirikostiha/cellular-automaton,churn,boundary-commit,0.1
d0c7e429560217a241b9ddbf4797ee500cda6b52,0,godot,0f20e25e728c,63,3271,0,0,0,0,jirikostiha/cellular-automaton,churn,window,0.1
7a3493dc564c1a141384524be0d3b56d9554f4ca,928,godot,0f20e25e728c,45,597,56720,39,8,4,Greaby/godot-neuroevolution,churn,boundary-commit,0.1
1ebcf19b4153964c958e2b67e81714ada1060eea,327,godot,0f20e25e728c,50,504,18741613,57,13,10,bakneko/WaveShooter,churn,boundary-commit,0.1
543208d7666c09d4e73935ededeb4794454b4ce2,712,godot,0f20e25e728c,48,716,74125402,379,20,27,Lamby777/PETS-G,churn,boundary-commit,0.1
f01a6e87e253b6294d9e22e120498558adddb3e1,716,godot,0f20e25e728c,48,712,74127919,379,20,27,Lamby777/PETS-G,churn,boundary-commit,0.1
f01a6e87e253b6294d9e22e120498558adddb3e1,0,godot,0f20e25e728c,0,0,74125402,379,20,27,Lamby777/PETS-G,churn,window,0.1
f8bd7fc8ea3fcf47480f9fa8c99dd9a7043002e4,2187,godot,0f20e25e728c,638,3764,75587081,381,20,27,Lamby777/PETS-G,churn,boundary-commit,0.1
f8bd7fc8ea3fcf47480f9fa8c99dd9a7043002e4,5104,godot,0f20e25e728c,968,6697,74125402,379,20,27,Lamby777/PETS-G,churn,window,0.1
97a9c817324a4ef19b76934fdc62ebcbded2d6c1,325,godot,4fd761645d85,20,362,29342,23,4,7,Whimfoome/godot-FirstPersonStarter,churn,boundary-commit,0.1
021aa354289180aae7bfd487bd503729925c45d9,642,godot,4fd761645d85,28,390,41799,34,2,3,Greaby/godot-2d-track-generator,churn,boundary-commit,0.1
c2a17228c19c4f959367b139e39c5e24dd7edd36,448,godot,4fd761645d85,28,386,3991847,56,9,2,jeremyz/godot-hexgrid,churn,boundary-commit,0.1
08e5f0d8214268232308eed7f3e4823faf33c0a7,1165,godot,4fd761645d85,43,1152,305835,35,13,4,bakneko/godot-template,churn,boundary-commit,0.1
08e5f0d8214268232308eed7f3e4823faf33c0a7,0,godot,4fd761645d85,36,2328,0,0,0,0,bakneko/godot-template,churn,window,0.1
74c65b4986118059ca779c12cbf54143ab27ce8d,8525,godot,4fd761645d85,251,6398,14724849,366,41,78,gdquest-demos/godot-visual-effects,churn,boundary-commit,0.1
a05b9c6f347c73df5add9cd55893c700953c4e31,799,godot,4fd761645d85,71,531,19172777,132,2,5,YarnSpinnerTool/YarnSpinner-Godot,churn,boundary-commit,0.1
a05b9c6f347c73df5add9cd55893c700953c4e31,0,godot,4fd761645d85,128,9635,0,0,0,0,YarnSpinnerTool/YarnSpinner-Godot,churn,window,0.1
cbb942035b610d174235cd9b353d2234e0e30093,907,godot,4fd761645d85,58,686,26456800,149,0,7,YarnSpinnerTool/YarnSpinner-Godot,churn,boundary-commit,0.1
cbb942035b610d174235cd9b353d2234e0e30093,0,godot,4fd761645d85,147,10443,0,0,0,0,YarnSpinnerTool/YarnSpinner-Godot,churn,window,0.1
2de87967888bab230711c35bd766664f3f70042e,3823,godot,4fd761645d85,186,4708,26454892,150,0,7,YarnSpinnerTool/YarnSpinner-Godot,churn,boundary-commit,0.1
2de87967888bab230711c35bd766664f3f70042e,3828,godot,4fd761645d85,186,4722,26454573,150,0,7,YarnSpinnerTool/YarnSpinner-Godot,churn,window,0.1
2f04e2ec95d776736ad55d9af3791582a63a6ffc,1203,godot,4fd761645d85,13,898,14423142,37,4,1,LucaJunge/godot_orbit_controls,churn,boundary-commit,0.1
3a292a3e756ad401993b065244f6d7a0a6b5b81a,6764,godot,642a24306b30,277,10421,1381663,472,24,23,rakkarage/PixelInterface,churn,boundary-commit,0.1
3a292a3e756ad401993b065244f6d7a0a6b5b81a,6767,godot,642a24306b30,277,10430,1381552,472,24,23,rakkarage/PixelInterface,churn,window,0.1
ea291d949a2150a42dff2900192c7491c8e705ab,10871,godot,642a24306b30,690,14550,1381663,472,24,23,rakkarage/PixelInterface,churn,boundary-commit,0.1
ea291d949a2150a42dff2900192c7491c8e705ab,10865,godot,642a24306b30,690,14550,1381552,472,24,23,rakkarage/PixelInterface,churn,window,0.1
faa57d171062112b2cecf8395642b0e652d9268a,190,godot,642a24306b30,35,176,4825743,77,4,6,steincodes/godot-shader-tutorials,churn,boundary-commit,0.1
5b54d6157cdabc8c251f77fa7586fb7764967af7,300,godot,642a24306b30,33,633,40239,43,23,2,andrew-wilkes/godot-behaviour-tree,churn,boundary-commit,0.1
24f10d9c11e6d8e33ef213f5aab9870efc512095,306,godot,642a24306b30,134,749,18544081,886,24,27,jnes92/udemy-games-godot,churn,boundary-commit,0.1
24f10d9c11e6d8e33ef213f5aab9870efc512095,200,godot,642a24306b30,150,1515,17279710,873,18,25,jnes92/udemy-games-godot,churn,window,0.1
8d172ac26b35ba41839923e7e846d8a9e72707a8,66,godot,642a24306b30,9,51,5469,6,0,0,DeybisMelendez/godot-template,churn,boundary-commit,0.1
3ed3f697b2b82eeba3ce7d03b9a4f3905ccf7b46,113,godot,642a24306b30,9,969,12590,9,1,1,msub2/godot-webxr-template,churn,boundary-commit,0.1
8e847e59021ec130e7c9c52117a5cbecc1b4a121,135,godot,642a24306b30,10,106,30069,16,6,2,Greaby/godot-qrcode-generator,churn,boundary-commit,0.1
5a2102468f0c8b543fc38daa57231af724c1f883,8325,godot,642a24306b30,129,2318,33388622,164,11,15,brodcoli/Godot-Small-FPS,churn,boundary-commit,0.1
757d74bb04c78afd5971b89a4b78a78ae1c01c32,4133,godot,642a24306b30,142,1374,55300696,301,57,28,Zylann/solar_system_demo,churn,boundary-commit,0.1
cc00d1b9678b0d1ffa0685dc212f1e7ecfed15ec,31312,godot,642a24306b30,508,12680,39869428,542,81,156,GodotVR/godot-xr-tools,churn,boundary-commit,0.1
cc00d1b9678b0d1ffa0685dc212f1e7ecfed15ec,29790,godot,642a24306b30,522,14423,38934801,507,75,146,GodotVR/godot-xr-tools,churn,window,0.1
b0ef45e6aeb036d04559607588653df388588e76,1139,godot,02409c2c906f,54,855,239260,57,10,9,TobiasKozel/VAEG,churn,boundary-commit,0.1
ae711f89fe85e920ae645c9299a6a5ec23608efe,1179,godot,02409c2c906f,11,137,202838,63,6,4,MenacingMecha/godot-psx-style-demo,churn,boundary-commit,0.1
ae711f89fe85e920ae645c9299a6a5ec23608efe,3594,godot,02409c2c906f,48,756,267053,65,6,4,MenacingMecha/godot-psx-style-demo,churn,window,0.1
7d3d207f925336048e37fc81b7ad83b162863b0f,856,godot,02409c2c906f,175,4543,27424242,118,1,16,Raccoons-Rise-Up/client-godot,churn,boundary-commit,0.1
7d3d207f925336048e37fc81b7ad83b162863b0f,856,godot,02409c2c906f,176,4546,27424023,118,1,16,Raccoons-Rise-Up/client-godot,churn,window,0.1
4ad01f90627a384bbef8564597787020a3dd4065,14967,godot,02409c2c906f,105,2615,61885538,321,3,0,Calinou/godot-mlp-models,churn,boundary-commit,0.1
