boundary_sha,commits,end_on,end_sha,engine,ev_id,repo_id,saturated,schema,span_days,start_on,start_sha,v,window_rule
1d504554202a995d68f5f1246036feafad9579f3,143,2019-12-16,1d504554202a995d68f5f1246036feafad9579f3,godot,0b23021ed5d8,touilleMan/godot-python,,migration_windows,33,2019-11-12,aaa02aa14e33ac86d7098487730c851b756d9fff,0.1,commit-burst
494efe16a928aa7f3a455eca66431ed15461833e,19,2020-01-25,494efe16a928aa7f3a455eca66431ed15461833e,godot,0b23021ed5d8,touilleMan/godot-python,,migration_windows,4,2020-01-21,56d6b477bb7f5fd8c3adcd750515eca72b813b2b,0.1,commit-burst
121bee7bdc0d646fb481f8b6a17d855f192c4e03,3,2022-03-27,121bee7bdc0d646fb481f8b6a17d855f192c4e03,godot,0b23021ed5d8,touilleMan/godot-python,,migration_windows,0,2022-03-27,ddb9c82a9ecfe65db4f39ca407d7ab24bd2b4459,0.1,commit-burst
068aae8c1681f2494b569b3b5c3d5fee125c3795,4,2026-01-25,068aae8c1681f2494b569b3b5c3d5fee125c3795,godot,0b23021ed5d8,touilleMan/godot-python,,migration_windows,0,2026-01-25,f7d1d6d6658de197516bbf2ee7122ce86a7feba6,0.1,commit-burst
ba4e8ec26c9e9e98ee36be80ae70bb00242a1f6d,1,2023-09-06,ba4e8ec26c9e9e98ee36be80ae70bb00242a1f6d,godot,0b23021ed5d8,git-learning-game/oh-my-git,,migration_windows,0,2023-09-06,ba4e8ec26c9e9e98ee36be80ae70bb00242a1f6d,0.1,single-commit
24069a0d78fc047ecdd16b0b018ab5189e385403,4,2019-03-16,24069a0d78fc047ecdd16b0b018ab5189e385403,godot,0b23021ed5d8,godot-rust/gdnative,,migration_windows,0,2019-03-15,7fb46453ffc9d90a027c8dd698e5d86c87a796b9,0.1,commit-burst
24069a0d78fc047ecdd16b0b018ab5189e385403,4,2019-03-16,24069a0d78fc047ecdd16b0b018ab5189e385403,godot,0b23021ed5d8,godot-rust/gdnative,,migration_windows,0,2019-03-15,7fb46453ffc9d90a027c8dd698e5d86c87a796b9,0.1,commit-burst
e77f82b202ea61c679b6f4d9b44904105e5f3d1b,19,2020-10-10,e77f82b202ea61c679b6f4d9b44904105e5f3d1b,godot,0b23021ed5d8,godot-rust/gdnative,span,migration_windows,58,2020-08-12,b1cdadd35d13db75e6e98bda862e6e94ad1d481f,0.1,commit-burst
801c3fa853960255210697b4a085d32ef832ea30,1,2019-03-28,801c3fa853960255210697b4a085d32ef832ea30,godot,0b23021ed5d8,gdquest-demos/godot-make-pro-2d-games,,migration_windows,0,2019-03-28,801c3fa853960255210697b4a085d32ef832ea30,0.1,single-commit
beb341bbce58b25eb0aacbbe21a1755c97ffabae,7,2019-09-14,beb341bbce58b25eb0aacbbe21a1755c97ffabae,godot,0b23021ed5d8,cis-ash/TEXTREME,,migration_windows,6,2019-09-08,56917fd1386c113f64484f973fecaa3a783cbbe5,0.1,commit-burst
53b1d31fff065fa1d8db5bcd1e073d6c576c0154,1,2022-05-18,53b1d31fff065fa1d8db5bcd1e073d6c576c0154,godot,0b23021ed5d8,quentincaffeino/godot-console,,migration_windows,0,2022-05-18,53b1d31fff065fa1d8db5bcd1e073d6c576c0154,0.1,single-commit
211f192e7b013701954aec1774bddd9c74c09592,1,2022-08-18,211f192e7b013701954aec1774bddd9c74c09592,godot,0b23021ed5d8,Arnklit/Waterways,,migration_windows,0,2022-08-18,211f192e7b013701954aec1774bddd9c74c09592,0.1,single-commit
8ac53d4c26117bdb8addd26b4a9d1f33dfa86491,2,2022-10-19,8ac53d4c26117bdb8addd26b4a9d1f33dfa86491,godot,6b79220010ab,ClarkThyLord/Voxel-Core,,migration_windows,0,2022-10-19,6d991b2b16d5a1cf3ed25eabba0bc13ca4beeb8c,0.1,commit-burst
d0741eb4b5b89fcf24d45ab777bfd43790dfc783,1,2024-07-04,d0741eb4b5b89fcf24d45ab777bfd43790dfc783,godot,6b79220010ab,jayaarrgh/BookOfShaders-Godot,,migration_windows,0,2024-07-04,d0741eb4b5b89fcf24d45ab777bfd43790dfc783,0.1,single-commit
adf9a90467a7c1b2a02333a61765fe78184c2d73,3,2023-08-29,adf9a90467a7c1b2a02333a61765fe78184c2d73,godot,6b79220010ab,ephread/inkgd,,migration_windows,0,2023-08-28,35df3c282855ce360e4dc411dac514cae4c783f8,0.1,commit-burst
454797df723da1afb160231a4bafefd3c6a4c11c,1,2025-09-22,454797df723da1afb160231a4bafefd3c6a4c11c,godot,6b79220010ab,gdquest-demos/godot-3-demos-2022,,migration_windows,0,2025-09-22,454797df723da1afb160231a4bafefd3c6a4c11c,0.1,single-commit
74ee06b74c5e397a8e86f3c663880d2579e2d3cf,3,2025-09-24,74ee06b74c5e397a8e86f3c663880d2579e2d3cf,godot,6b79220010ab,gdquest-demos/godot-3-demos-2022,,migration_windows,1,2025-09-22,454797df723da1afb160231a4bafefd3c6a4c11c,0.1,commit-burst
e88649b9ec5a9b83d0e415520816ac9036eb52ae,4,2025-09-24,e88649b9ec5a9b83d0e415520816ac9036eb52ae,godot,6b79220010ab,gdquest-demos/godot-3-demos-2022,,migration_windows,1,2025-09-22,454797df723da1afb160231a4bafefd3c6a4c11c,0.1,commit-burst
5ca1f4b486a821e076c2e106a2f53c7ce484f0e3,6,2025-09-25,5ca1f4b486a821e076c2e106a2f53c7ce484f0e3,godot,6b79220010ab,gdquest-demos/godot-3-demos-2022,,migration_windows,2,2025-09-22,454797df723da1afb160231a4bafefd3c6a4c11c,0.1,commit-burst
bec7944fb8aa0a56a44bbcaa915cc809dcf670df,7,2025-09-25,bec7944fb8aa0a56a44bbcaa915cc809dcf670df,godot,6b79220010ab,gdquest-demos/godot-3-demos-2022,,migration_windows,2,2025-09-22,454797df723da1afb160231a4bafefd3c6a4c11c,0.1,commit-burst
82d8b8deb50a030b80dedab9dc50ef532f1b3840,8,2025-09-25,82d8b8deb50a030b80dedab9dc50ef532f1b3840,godot,6b79220010ab,gdquest-demos/godot-3-demos-2022,,migration_windows,2,2025-09-22,454797df723da1afb160231a4bafefd3c6a4c11c,0.1,commit-burst
2637d2e0e2708fb51be42c756528b297c2bc4595,9,2025-09-25,2637d2e0e2708fb51be42c756528b297c2bc4595,godot,6b79220010ab,gdquest-demos/godot-3-demos-2022,,migration_windows,2,2025-09-22,454797df723da1afb160231a4bafefd3c6a4c11c,0.1,commit-burst
d5656ea070e1e8c356a2a499b9164cf78bc4ec76,10,2025-09-25,d5656ea070e1e8c356a2a499b9164cf78bc4ec76,godot,6b79220010ab,gdquest-demos/godot-3-demos-2022,,migration_windows,2,2025-09-22,454797df723da1afb160231a4bafefd3c6a4c11c,0.1,commit-burst
3dca42777587d383731bc936358c2043a92ecf95,2,2019-01-24,3dca42777587d383731bc936358c2043a92ecf95,godot,6b79220010ab,GDQuest/godot-power-pitch,,migration_windows,7,2019-01-16,e2246a28a4d299ed42be585bab8224f455b30f61,0.1,commit-burst
1380392998d677b0b8ba6ac7eeb839da344cb38b,10,2025-08-26,1380392998d677b0b8ba6ac7eeb839da344cb38b,godot,6b79220010ab,getenu/enu,,migration_windows,1,2025-08-25,2105587b3a96d0954ec2cbfe25732bf5f253e954,0.1,commit-burst
42d4bc19797f5f973c67c00e9fabc8d2fe89e23b,1,2025-10-01,42d4bc19797f5f973c67c00e9fabc8d2fe89e23b,godot,6b79220010ab,getenu/enu,,migration_windows,0,2025-10-01,42d4bc19797f5f973c67c00e9fabc8d2fe89e23b,0.1,single-commit
ab00dda1db226e8ea3d98027179d680c6464c0cb,1,2019-09-03,ab00dda1db226e8ea3d98027179d680c6464c0cb,godot,99f27a7aa280,hiulit/Godot-3-2D-Day-Night-Cycle,,migration_windows,0,2019-09-03,ab00dda1db226e8ea3d98027179d680c6464c0cb,0.1,single-commit
85b30459b848bd578ac28cf4ab8c8d27e1fc2df6,1,2019-02-17,85b30459b848bd578ac28cf4ab8c8d27e1fc2df6,godot,99f27a7aa280,wesnoth/haldric,,migration_windows,0,2019-02-17,85b30459b848bd578ac28cf4ab8c8d27e1fc2df6,0.1,single-commit
213515ca6603d6f864810c2f05136fa316fa7cc3,1,2019-02-17,213515ca6603d6f864810c2f05136fa316fa7cc3,godot,99f27a7aa280,wesnoth/haldric,,migration_windows,0,2019-02-17,213515ca6603d6f864810c2f05136fa316fa7cc3,0.1,single-commit
1cf2ffd8cc86242d9641cba1792a4c5c39e1139a,1,2023-10-03,1cf2ffd8cc86242d9641cba1792a4c5c39e1139a,godot,99f27a7aa280,Bauxitedev/meteorite,,migration_windows,0,2023-10-03,1cf2ffd8cc86242d9641cba1792a4c5c39e1139a,0.1,single-commit
71470acebe67105a550ab15c17fc7f20a3e626e9,5,2025-02-26,71470acebe67105a550ab15c17fc7f20a3e626e9,godot,99f27a7aa280,HarmonyHoney/ROTA,,migration_windows,8,2025-02-18,998dbd67f8ef499f6b9ddc25a32493ca170aef75,0.1,commit-burst
c74136fd64eef3d04d0bea912a66deba5d1fe377,4,2019-01-10,c74136fd64eef3d04d0bea912a66deba5d1fe377,godot,99f27a7aa280,rakugoteam/Rakugo-archive,,migration_windows,3,2019-01-07,77ab706cc392c7d4e948013d5d380925012c279e,0.1,commit-burst
89e5bd4b09f631a3ce29c0052c2a2df60b870095,3,2020-05-18,89e5bd4b09f631a3ce29c0052c2a2df60b870095,godot,a92cdee694a6,henriquelalves/GodotTIE,,migration_windows,0,2020-05-18,c2650649f037d4e64a8b93fe1f2db4d4986b52ca,0.1,commit-burst
41267eab3cd0b1c32d508ce589c6ad2f5630e327,3,2018-08-26,41267eab3cd0b1c32d508ce589c6ad2f5630e327,godot,a92cdee694a6,GodotVR/godot_openxr_for_godot_3.x,,migration_windows,0,2018-08-25,9bc725de4076502c74934b4629f01010a7997d53,0.1,commit-burst
7b2f051ac786823c226120dfd578bfcea21c0c3e,4,2020-01-16,7b2f051ac786823c226120dfd578bfcea21c0c3e,godot,a92cdee694a6,utopia-rise/godot-kotlin-native,,migration_windows,8,2020-01-08,3a9fcb06f340524ca677db61ad3b85c5e6a9e52b,0.1,commit-burst
dcb21be6c122353821c8de44bccbb65be8129403,2,2023-03-01,dcb21be6c122353821c8de44bccbb65be8129403,godot,992ad7453568,HarmonyHoney/tiny_crate,,migration_windows,0,2023-03-01,0b3ead67cfac9d52ca356dd6bceeaf30f42d9440,0.1,commit-burst
a91e17aeabc297664e66d9182e9b28ab815259e4,3,2024-02-05,a91e17aeabc297664e66d9182e9b28ab815259e4,godot,992ad7453568,noidexe/godot-version-manager,,migration_windows,13,2024-01-22,70e92445388a3a517eb0609b8ba608dcfee335a8,0.1,commit-burst
d761d281fcd129fa3ddfdaabd4af09e9b2d10187,1,2019-02-18,d761d281fcd129fa3ddfdaabd4af09e9b2d10187,godot,992ad7453568,romlok/godot-gdhexgrid,,migration_windows,0,2019-02-18,d761d281fcd129fa3ddfdaabd4af09e9b2d10187,0.1,single-commit
2263f7be822ecf8ec7b624ef11fcb8d39a54ae2c,1,2019-05-16,2263f7be822ecf8ec7b624ef11fcb8d39a54ae2c,godot,992ad7453568,acedogblast/Project-Uranium-Godot,,migration_windows,0,2019-05-16,2263f7be822ecf8ec7b624ef11fcb8d39a54ae2c,0.1,single-commit
461966de63463975970d3f79618c5a889eac225f,1,2023-02-10,461966de63463975970d3f79618c5a889eac225f,godot,992ad7453568,acedogblast/Project-Uranium-Godot,,migration_windows,0,2023-02-10,461966de63463975970d3f79618c5a889eac225f,0.1,single-commit
d088d2cfdfcc7c4a2f95bf749740d55289eb4860,94,2023-02-10,d088d2cfdfcc7c4a2f95bf749740d55289eb4860,godot,992ad7453568,Rhythia/sound-space-plus,,migration_windows,52,2022-12-20,069fde92f2b56e6257987fd447be8fdac2248b2a,0.1,commit-burst
33866870c78fb5fbfcdc0b3ca2a8d2f7c0a4a09a,4,2018-09-18,33866870c78fb5fbfcdc0b3ca2a8d2f7c0a4a09a,godot,ff0ff0b5bddc,spkingr/Godot-Demos,,migration_windows,6,2018-09-11,6948c8f09cca9cab6df57f5d461358d49fe0d0b2,0.1,commit-burst
6f80a18a52bdfc8e8750c7b347ab9f0d189c9f83,2,2021-08-24,6f80a18a52bdfc8e8750c7b347ab9f0d189c9f83,godot,ff0ff0b5bddc,Bauxitedev/godot-motion-blur,,migration_windows,0,2021-08-24,eb7623990785d62fdb6dd9d6dfbcc9b250435e9f,0.1,commit-burst
7a775fdf752ae03780cfbb68b4a31f5aab3eb212,1,2020-02-23,7a775fdf752ae03780cfbb68b4a31f5aab3eb212,godot,ff0ff0b5bddc,JaccomoLorenz/godot-camera-control,,migration_windows,0,2020-02-23,7a775fdf752ae03780cfbb68b4a31f5aab3eb212,0.1,single-commit
094ae293b27b0eb9b9bd2efcb5b0d208537100b2,8,2018-05-14,094ae293b27b0eb9b9bd2efcb5b0d208537100b2,godot,ff0ff0b5bddc,Bauxitedev/godot-texture-painter,,migration_windows,0,2018-05-13,438f3d12679b2033fafa80ffbe9010c54a822d10,0.1,commit-burst
7a212adff5b83ea5a26947698eb62277ca142329,7,2018-05-14,7a212adff5b83ea5a26947698eb62277ca142329,godot,ff0ff0b5bddc,Bauxitedev/godot-texture-painter,,migration_windows,0,2018-05-13,438f3d12679b2033fafa80ffbe9010c54a822d10,0.1,commit-burst
af95fcd74dc79222817b0e78294b529baac72ad5,1,2019-07-07,af95fcd74dc79222817b0e78294b529baac72ad5,godot,ff0ff0b5bddc,Bauxitedev/godot-texture-painter,,migration_windows,0,2019-07-07,af95fcd74dc79222817b0e78294b529baac72ad5,0.1,single-commit
d5433aaf4b4424aa06c8fea5ae136f81be0f850a,1,2025-12-08,d5433aaf4b4424aa06c8fea5ae136f81be0f850a,godot,ff0ff0b5bddc,empyreanx/godot-state-sync-demo,,migration_windows,0,2025-12-08,d5433aaf4b4424aa06c8fea5ae136f81be0f850a,0.1,single-commit
e70f893e6c6b39465f363ea2ddcf46b7b53c5280,6,2023-02-27,e70f893e6c6b39465f363ea2ddcf46b7b53c5280,godot,ff0ff0b5bddc,mayank-prasoon/world-maker,,migration_windows,0,2023-02-27,e7e6cfcac2839ca48543577da9a41c0616e2f191,0.1,commit-burst
40445614bd9a5959945846433f1fb207f61fd077,1,2018-09-06,40445614bd9a5959945846433f1fb207f61fd077,godot,b3ee52f06d1c,BastiaanOlij/vehicle-demo,,migration_windows,0,2018-09-06,40445614bd9a5959945846433f1fb207f61fd077,0.1,single-commit
39b464b6aa1c2f73d11eb1b0b47994b1cd71b889,1,2023-06-05,39b464b6aa1c2f73d11eb1b0b47994b1cd71b889,godot,b3ee52f06d1c,BastiaanOlij/vehicle-demo,,migration_windows,0,2023-06-05,39b464b6aa1c2f73d11eb1b0b47994b1cd71b889,0.1,single-commit
1b122deaa954cdc0202174597a58e24dc50ea352,4,2019-01-25,1b122deaa954cdc0202174597a58e24dc50ea352,godot,00ca97745be6,arypbatista/godot-swipe-detector,,migration_windows,11,2019-01-13,474a08689fddd7caca9ff11135f1211e7f8cf260,0.1,commit-burst
ffa72cae875405b6b1a999b4ae08cce007d93711,2,2023-04-07,ffa72cae875405b6b1a999b4ae08cce007d93711,godot,899486564155,argosopentech/Conquest,,migration_windows,1,2023-04-06,83c7930bdd7f75f0ad9c303b6d5514b2428a5df4,0.1,commit-burst
1d0ac3087ff25e4c2dfd6d03d6315683fce0ec32,1,2023-02-14,1d0ac3087ff25e4c2dfd6d03d6315683fce0ec32,godot,899486564155,Norodix/GodotMirror,,migration_windows,0,2023-02-14,1d0ac3087ff25e4c2dfd6d03d6315683fce0ec32,0.1,single-commit
64559e24b47a9fd184ee788e6d8370f4c74c7d46,2,2022-07-27,64559e24b47a9fd184ee788e6d8370f4c74c7d46,godot,899486564155,catprisbrey/Third-Person-Controller---Godot-Souls-like,,migration_windows,0,2022-07-27,fbc17cbabbaf5fe06625a8991cf1caf8be690650,0.1,commit-burst
fbc17cbabbaf5fe06625a8991cf1caf8be690650,1,2022-07-27,fbc17cbabbaf5fe06625a8991cf1caf8be690650,godot,899486564155,catprisbrey/Third-Person-Controller---Godot-Souls-like,,migration_windows,0,2022-07-27,fbc17cbabbaf5fe06625a8991cf1caf8be690650,0.1,single-commit
fd7814dca460292dcbe630ea8cc59388646d07d3,31,2023-07-11,fd7814dca460292dcbe630ea8cc59388646d07d3,godot,899486564155,Novakasa/brickrail,span,migration_windows,50,2023-05-22,a1bee23f0b7b8ef476247de5c055222012123ad2,0.1,commit-burst
4ddaceba5a8b1c7d22a651b64bc43572c2863efd,3,2024-06-21,4ddaceba5a8b1c7d22a651b64bc43572c2863efd,godot,54e0a883f5b1,XLIVE99/AutoGrid,,migration_windows,0,2024-06-21,98557ec84e03f91449bd0e42ae99dbacb5e4bbc9,0.1,commit-burst
36223c77efc87bff3b02159eb66410fe5cc9cab5,1,2025-01-14,36223c77efc87bff3b02159eb66410fe5cc9cab5,godot,54e0a883f5b1,XLIVE99/AutoGrid,,migration_windows,0,2025-01-14,36223c77efc87bff3b02159eb66410fe5cc9cab5,0.1,single-commit
d905aed393f68dff3288e1e4b2299b07c15f15c8,1,2024-02-13,d905aed393f68dff3288e1e4b2299b07c15f15c8,godot,54e0a883f5b1,alfredbaudisch/GodotDynamicInventorySystem,,migration_windows,0,2024-02-13,d905aed393f68dff3288e1e4b2299b07c15f15c8,0.1,single-commit
b34e4dca41383864c099ee8eed74eaa36d25bdc3,2,2024-10-27,b34e4dca41383864c099ee8eed74eaa36d25bdc3,godot,54e0a883f5b1,gdquest-demos/godot-4-2d-visual-novel,,migration_windows,0,2024-10-27,d7c51d560feb101eec21e35f5bb91d543f76aaef,0.1,commit-burst
d7c51d560feb101eec21e35f5bb91d543f76aaef,1,2024-10-27,d7c51d560feb101eec21e35f5bb91d543f76aaef,godot,54e0a883f5b1,gdquest-demos/godot-4-2d-visual-novel,,migration_windows,0,2024-10-27,d7c51d560feb101eec21e35f5bb91d543f76aaef,0.1,single-commit
dcfca1873f46f7e700575067b3bc54abb046921e,1,2022-09-19,dcfca1873f46f7e700575067b3bc54abb046921e,godot,c11b20c3a83d,MCMLXXXV/godot-minimal-template,,migration_windows,0,2022-09-19,dcfca1873f46f7e700575067b3bc54abb046921e,0.1,single-commit
0d48d5fe2aa65bc8e455c78043f1d30085ad9804,1,2023-08-09,0d48d5fe2aa65bc8e455c78043f1d30085ad9804,godot,c11b20c3a83d,ivoyager/project_template,,migration_windows,0,2023-08-09,0d48d5fe2aa65bc8e455c78043f1d30085ad9804,0.1,single-commit
c1b8ef4397f487feedd11be9bfee307951b57366,1,2024-01-15,c1b8ef4397f487feedd11be9bfee307951b57366,godot,c11b20c3a83d,DJj123dj/bad-flappybird,,migration_windows,0,2024-01-15,c1b8ef4397f487feedd11be9bfee307951b57366,0.1,single-commit
5b963114cbbf22cb8ab2a1d2127f4199578fd689,1,2025-01-23,5b963114cbbf22cb8ab2a1d2127f4199578fd689,godot,c11b20c3a83d,mhgolkar/Arrow,,migration_windows,0,2025-01-23,5b963114cbbf22cb8ab2a1d2127f4199578fd689,0.1,single-commit
65a7b1495a8890270b43689724498b55d799a1fc,1,2026-04-11,65a7b1495a8890270b43689724498b55d799a1fc,godot,c11b20c3a83d,GDQuest/learn-gdscript,,migration_windows,0,2026-04-11,65a7b1495a8890270b43689724498b55d799a1fc,0.1,single-commit
a9f3ccb41be5037990770b9e5357bbb091464a7a,1,2024-01-08,a9f3ccb41be5037990770b9e5357bbb091464a7a,godot,c11b20c3a83d,noidexe/top-down-action-rpg-template,,migration_windows,0,2024-01-08,a9f3ccb41be5037990770b9e5357bbb091464a7a,0.1,single-commit
f769d9d00af579b1a5230c1d5c77adbfb78fc293,1,2021-12-09,f769d9d00af579b1a5230c1d5c77adbfb78fc293,godot,c11b20c3a83d,Calinou/godot-2020-year-in-review,,migration_windows,0,2021-12-09,f769d9d00af579b1a5230c1d5c77adbfb78fc293,0.1,single-commit
2c8bdc93e4eb274700d93e0a62c5f9e8a3152bac,1,2023-03-19,2c8bdc93e4eb274700d93e0a62c5f9e8a3152bac,godot,8c90d15dfa95,viniciusgerevini/godot-goap,,migration_windows,0,2023-03-19,2c8bdc93e4eb274700d93e0a62c5f9e8a3152bac,0.1,single-commit
ad33c32c2e41fbe9b505173833f15e2d3d42c9b6,1,2025-07-09,ad33c32c2e41fbe9b505173833f15e2d3d42c9b6,godot,8c90d15dfa95,MrJustreborn/godot_PCKManager,,migration_windows,0,2025-07-09,ad33c32c2e41fbe9b505173833f15e2d3d42c9b6,0.1,single-commit
8f8c9930aeba12e2289f59585f128766b974a789,1,2026-07-26,8f8c9930aeba12e2289f59585f128766b974a789,godot,8c90d15dfa95,Greaby/godot-perceptron,,migration_windows,0,2026-07-26,8f8c9930aeba12e2289f59585f128766b974a789,0.1,single-commit
c70e30b71d4558940f78c7b7323f8978598626e3,1,2023-06-09,c70e30b71d4558940f78c7b7323f8978598626e3,godot,8c90d15dfa95,MateuSai/Godot-Roguelike-Tutorial,,migration_windows,0,2023-06-09,c70e30b71d4558940f78c7b7323f8978598626e3,0.1,single-commit
704cfe5d55d1bad4018fdc5c75ffa5ba6b28e1a8,1,2023-04-05,704cfe5d55d1bad4018fdc5c75ffa5ba6b28e1a8,godot,8c90d15dfa95,makifdb/godot-match3-template,,migration_windows,0,2023-04-05,704cfe5d55d1bad4018fdc5c75ffa5ba6b28e1a8,0.1,single-commit
904d8fed7a76ed2e619a12f259a9914cf22ba32e,1,2023-09-18,904d8fed7a76ed2e619a12f259a9914cf22ba32e,godot,8c90d15dfa95,crystal-bit/godot-game-template,,migration_windows,0,2023-09-18,904d8fed7a76ed2e619a12f259a9914cf22ba32e,0.1,single-commit
5a82a0af5c5fe0638bc15aca6b3e676b5f0e3d7d,5,2018-05-18,5a82a0af5c5fe0638bc15aca6b3e676b5f0e3d7d,godot,a4fc220d6d6b,BastiaanOlij/godot-terrain-edit,,migration_windows,2,2018-05-16,3d036e674ebd95f9a54e9067fd042cf0d020b62e,0.1,commit-burst
87a5000dbfdc89b7931d7e1a73f404c6aa9b37dc,1,2022-02-10,87a5000dbfdc89b7931d7e1a73f404c6aa9b37dc,godot,a4fc220d6d6b,glass-brick/Scene-Manager,,migration_windows,0,2022-02-10,87a5000dbfdc89b7931d7e1a73f404c6aa9b37dc,0.1,single-commit
01eff331352af18cbb2dedac4d91e2b63238cf2b,8,2023-02-16,01eff331352af18cbb2dedac4d91e2b63238cf2b,godot,a4fc220d6d6b,rednir/OsuSkinMixer,,migration_windows,5,2023-02-10,824c8cf76778795a43a6f9d68bcc88e93317c3cb,0.1,commit-burst
9bbd2c4f75ce639e3d973b644a3f82c37cbbcc84,2,2023-05-06,9bbd2c4f75ce639e3d973b644a3f82c37cbbcc84,godot,a4fc220d6d6b,rakkarage/PixelFood,,migration_windows,0,2023-05-06,ab8a54c35ba938d890514d27a0c839bca76e6865,0.1,commit-burst
4cc220fa0e476abf605ff6deca484d23d9c4be47,2,2023-05-12,4cc220fa0e476abf605ff6deca484d23d9c4be47,godot,a4fc220d6d6b,rakkarage/PixelFood,,migration_windows,6,2023-05-06,ab8a54c35ba938d890514d27a0c839bca76e6865,0.1,commit-burst
7a747e581e58c8d472b30e1cdb7f0d682d3dae75,1,2026-08-20,7a747e581e58c8d472b30e1cdb7f0d682d3dae75,godot,a4fc220d6d6b,gdquest-demos/godot-2d-builder,,migration_windows,0,2026-08-20,7a747e581e58c8d472b30e1cdb7f0d682d3dae75,0.1,single-commit
7a747e581e58c8d472b30e1cdb7f0d682d3dae75,1,2026-08-20,7a747e581e58c8d472b30e1cdb7f0d682d3dae75,godot,a4fc220d6d6b,gdquest-demos/godot-2d-builder,,migration_windows,0,2026-08-20,7a747e581e58c8d472b30e1cdb7f0d682d3dae75,0.1,single-commit
7a747e581e58c8d472b30e1cdb7f0d682d3dae75,1,2026-08-20,7a747e581e58c8d472b30e1cdb7f0d682d3dae75,godot,a4fc220d6d6b,gdquest-demos/godot-2d-builder,,migration_windows,0,2026-08-20,7a747e581e58c8d472b30e1cdb7f0d682d3dae75,0.1,single-commit
7a747e581e58c8d472b30e1cdb7f0d682d3dae75,1,2026-08-20,7a747e581e58c8d472b30e1cdb7f0d682d3dae75,godot,a4fc220d6d6b,gdquest-demos/godot-2d-builder,,migration_windows,0,2026-08-20,7a747e581e58c8d472b30e1cdb7f0d682d3dae75,0.1,single-commit
9f9317559eb59fe1c9d31982b4999238ed2a7056,1,2022-01-19,9f9317559eb59fe1c9d31982b4999238ed2a7056,godot,a4fc220d6d6b,V-Sekai-archive/godot-gltf-sandbox,,migration_windows,0,2022-01-19,9f9317559eb59fe1c9d31982b4999238ed2a7056,0.1,single-commit
e6be86c28d5afa9e6639f82c0e3d05ce2d67168b,1,2023-08-27,e6be86c28d5afa9e6639f82c0e3d05ce2d67168b,godot,a4fc220d6d6b,theRealProHacker/BirdsTD,,migration_windows,0,2023-08-27,e6be86c28d5afa9e6639f82c0e3d05ce2d67168b,0.1,single-commit
14638ea0300cf1fe2c5b0994a79add1d14959b87,1,2019-01-21,14638ea0300cf1fe2c5b0994a79add1d14959b87,godot,a4fc220d6d6b,BastiaanOlij/godot3_test_projects,,migration_windows,0,2019-01-21,14638ea0300cf1fe2c5b0994a79add1d14959b87,0.1,single-commit
6f03c32baf40e588cfa821b4dac4e2e2419ac7cf,2,2019-01-21,6f03c32baf40e588cfa821b4dac4e2e2419ac7cf,godot,a4fc220d6d6b,BastiaanOlij/godot3_test_projects,,migration_windows,0,2019-01-21,14638ea0300cf1fe2c5b0994a79add1d14959b87,0.1,commit-burst
0afa6d834e671cbacb6372edec7ab154d4a949b1,150,2023-02-09,0afa6d834e671cbacb6372edec7ab154d4a949b1,godot,a4fc220d6d6b,russmatney/dino,commits,migration_windows,24,2023-01-16,fde7ca0a9a62d4facf98930cc2c0e6bd1aa8d394,0.1,commit-burst
9593a8635f5014de628e0a32154f84579621bfc8,34,2023-01-22,9593a8635f5014de628e0a32154f84579621bfc8,godot,b57512aa4f06,sakkaku-dev/godot-template,,migration_windows,22,2022-12-30,957ea4224f5e3d337f7993d7525b149b64b11a59,0.1,commit-burst
23cb4d68120571437adb4bb372103047a7a25b18,6,2023-03-21,23cb4d68120571437adb4bb372103047a7a25b18,godot,b57512aa4f06,niscolas/nvim-godot,,migration_windows,4,2023-03-16,a4688fcd8e61663a0386b7dfc1cfb56a729c396b,0.1,commit-burst
6d9c10e11baafc649e894331269a4ccc9d26f486,2,2023-05-21,6d9c10e11baafc649e894331269a4ccc9d26f486,godot,b57512aa4f06,Flone-dnb/FBugReporter,,migration_windows,3,2023-05-17,6a0e373ddbce9d3aa697240bbdcd7ff11b6a3f71,0.1,commit-burst
438f9de85ebf2561e18774ca0c4af91962a91e1e,1,2019-09-21,438f9de85ebf2561e18774ca0c4af91962a91e1e,godot,b57512aa4f06,amedlock/minotaur,,migration_windows,0,2019-09-21,438f9de85ebf2561e18774ca0c4af91962a91e1e,0.1,single-commit
4d743b0f781e046eb413d3175252a71fdebee397,1,2023-04-07,4d743b0f781e046eb413d3175252a71fdebee397,godot,b57512aa4f06,amedlock/minotaur,,migration_windows,0,2023-04-07,4d743b0f781e046eb413d3175252a71fdebee397,0.1,single-commit
5339f568b3005ea9c67d15b9dbd7d0c99f709e5e,1,2023-07-22,5339f568b3005ea9c67d15b9dbd7d0c99f709e5e,godot,b57512aa4f06,retrohub-org/retrohub,,migration_windows,0,2023-07-22,5339f568b3005ea9c67d15b9dbd7d0c99f709e5e,0.1,single-commit
3c1bc3509d4f6ba393b1ec2357f28f48aad952e5,1,2022-06-17,3c1bc3509d4f6ba393b1ec2357f28f48aad952e5,godot,b57512aa4f06,Calinou/godot-reflection,,migration_windows,0,2022-06-17,3c1bc3509d4f6ba393b1ec2357f28f48aad952e5,0.1,single-commit
72fddb58527bb31ea813ecf0a1067e6d6209aaa7,19,2023-03-15,72fddb58527bb31ea813ecf0a1067e6d6209aaa7,godot,d8c7ec7658ba,MenacingMecha/godot-n64-shader-demo,,migration_windows,1,2023-03-13,b25b494f60b1015ddb81990e85615ffa03cb5e4d,0.1,commit-burst
abc83e732ae134d5a44527045294ea591133e304,8,2023-04-12,abc83e732ae134d5a44527045294ea591133e304,godot,d8c7ec7658ba,Dheatly23/godot-wasm,,migration_windows,40,2023-03-02,89b7eef6ac178647bdb0572155d1600eb726d7d2,0.1,commit-burst
e61518f567af5a2bde417c647fa9c8a455d197c0,1,2023-04-10,e61518f567af5a2bde417c647fa9c8a455d197c0,godot,d8c7ec7658ba,MechanicalFlower/godot-template,,migration_windows,0,2023-04-10,e61518f567af5a2bde417c647fa9c8a455d197c0,0.1,single-commit
e04f83ba871a799011a4c5b038fea77fecb405fa,1,2022-07-12,e04f83ba871a799011a4c5b038fea77fecb405fa,godot,d8c7ec7658ba,Dimev/Realistic-Atmosphere-Godot-and-UE4,,migration_windows,0,2022-07-12,e04f83ba871a799011a4c5b038fea77fecb405fa,0.1,single-commit
e295741af7515e94a86462b00db3942c2eec3b39,1,2021-12-04,e295741af7515e94a86462b00db3942c2eec3b39,godot,d8c7ec7658ba,V-Sekai/godot-spatial-audio-project,,migration_windows,0,2021-12-04,e295741af7515e94a86462b00db3942c2eec3b39,0.1,single-commit
5cf4caade464313492a371f7a00abd283ca1eaf0,1,2022-09-03,5cf4caade464313492a371f7a00abd283ca1eaf0,godot,0f20e25e728c,KoBeWi/Godot-Palette-Swap-Shader,,migration_windows,0,2022-09-03,5cf4caade464313492a371f7a00abd283ca1eaf0,0.1,single-commit
f2cbc481e93420a56beab11f1db8f8c77999a3b8,1,2023-09-17,f2cbc481e93420a56beab11f1db8f8c77999a3b8,godot,0f20e25e728c,FreeFlyFall/RigidBodyController,,migration_windows,0,2023-09-17,f2cbc481e93420a56beab11f1db8f8c77999a3b8,0.1,single-commit
1b8b8eeecf9b10ca6709d272618846e423012d4c,1,2024-11-03,1b8b8eeecf9b10ca6709d272618846e423012d4c,godot,0f20e25e728c,ydipeepo/godot-motion,,migration_windows,0,2024-11-03,1b8b8eeecf9b10ca6709d272618846e423012d4c,0.1,single-commit
7d70dc51c0acce9941e5130b865ee4eb566f6258,1,2023-03-19,7d70dc51c0acce9941e5130b865ee4eb566f6258,godot,0f20e25e728c,viniciusgerevini/godot-clyde-dialogue,,migration_windows,0,2023-03-19,7d70dc51c0acce9941e5130b865ee4eb566f6258,0.1,single-commit
d0c7e429560217a241b9ddbf4797ee500cda6b52,41,2023-01-31,d0c7e429560217a241b9ddbf4797ee500cda6b52,godot,0f20e25e728c,jirikostiha/cellular-automaton,,migration_windows,24,2023-01-06,5ae8856b12db4fc0a547112d3f9fa1e2aa0588e5,0.1,commit-burst
7a3493dc564c1a141384524be0d3b56d9554f4ca,1,2026-07-31,7a3493dc564c1a141384524be0d3b56d9554f4ca,godot,0f20e25e728c,Greaby/godot-neuroevolution,,migration_windows,0,2026-07-31,7a3493dc564c1a141384524be0d3b56d9554f4ca,0.1,single-commit
1ebcf19b4153964c958e2b67e81714ada1060eea,1,2025-11-19,1ebcf19b4153964c958e2b67e81714ada1060eea,godot,0f20e25e728c,bakneko/WaveShooter,,migration_windows,0,2025-11-19,1ebcf19b4153964c958e2b67e81714ada1060eea,0.1,single-commit
543208d7666c09d4e73935ededeb4794454b4ce2,1,2023-02-20,543208d7666c09d4e73935ededeb4794454b4ce2,godot,0f20e25e728c,Lamby777/PETS-G,,migration_windows,0,2023-02-20,543208d7666c09d4e73935ededeb4794454b4ce2,0.1,single-commit
f01a6e87e253b6294d9e22e120498558adddb3e1,2,2023-02-21,f01a6e87e253b6294d9e22e120498558adddb3e1,godot,0f20e25e728c,Lamby777/PETS-G,,migration_windows,1,2023-02-20,543208d7666c09d4e73935ededeb4794454b4ce2,0.1,commit-burst
f8bd7fc8ea3fcf47480f9fa8c99dd9a7043002e4,13,2023-02-26,f8bd7fc8ea3fcf47480f9fa8c99dd9a7043002e4,godot,0f20e25e728c,Lamby777/PETS-G,,migration_windows,5,2023-02-20,543208d7666c09d4e73935ededeb4794454b4ce2,0.1,commit-burst
97a9c817324a4ef19b76934fdc62ebcbded2d6c1,1,2023-02-11,97a9c817324a4ef19b76934fdc62ebcbded2d6c1,godot,4fd761645d85,Whimfoome/godot-FirstPersonStarter,,migration_windows,0,2023-02-11,97a9c817324a4ef19b76934fdc62ebcbded2d6c1,0.1,single-commit
021aa354289180aae7bfd487bd503729925c45d9,1,2026-07-26,021aa354289180aae7bfd487bd503729925c45d9,godot,4fd761645d85,Greaby/godot-2d-track-generator,,migration_windows,0,2026-07-26,021aa354289180aae7bfd487bd503729925c45d9,0.1,single-commit
c2a17228c19c4f959367b139e39c5e24dd7edd36,1,2023-03-14,c2a17228c19c4f959367b139e39c5e24dd7edd36,godot,4fd761645d85,jeremyz/godot-hexgrid,,migration_windows,0,2023-03-14,c2a17228c19c4f959367b139e39c5e24dd7edd36,0.1,single-commit
08e5f0d8214268232308eed7f3e4823faf33c0a7,2,2022-04-02,08e5f0d8214268232308eed7f3e4823faf33c0a7,godot,4fd761645d85,bakneko/godot-template,,migration_windows,0,2022-04-01,1fd93769454359ad5bd4b3b89420cbe0dc7ed94c,0.1,commit-burst
74c65b4986118059ca779c12cbf54143ab27ce8d,1,2024-09-25,74c65b4986118059ca779c12cbf54143ab27ce8d,godot,4fd761645d85,gdquest-demos/godot-visual-effects,,migration_windows,0,2024-09-25,74c65b4986118059ca779c12cbf54143ab27ce8d,0.1,single-commit
a05b9c6f347c73df5add9cd55893c700953c4e31,28,2022-12-05,a05b9c6f347c73df5add9cd55893c700953c4e31,godot,4fd761645d85,YarnSpinnerTool/YarnSpinner-Godot,,migration_windows,11,2022-11-23,1972365e70ca776a17de00322c08f7ae127acd31,0.1,commit-burst
cbb942035b610d174235cd9b353d2234e0e30093,48,2022-12-10,cbb942035b610d174235cd9b353d2234e0e30093,godot,4fd761645d85,YarnSpinnerTool/YarnSpinner-Godot,,migration_windows,17,2022-11-23,1972365e70ca776a17de00322c08f7ae127acd31,0.1,commit-burst
2de87967888bab230711c35bd766664f3f70042e,3,2022-12-30,2de87967888bab230711c35bd766664f3f70042e,godot,4fd761645d85,YarnSpinnerTool/YarnSpinner-Godot,,migration_windows,3,2022-12-26,3ed43ff1eb3b13b5f93227398c2bcf96821d0b49,0.1,commit-burst
2f04e2ec95d776736ad55d9af3791582a63a6ffc,1,2023-04-16,2f04e2ec95d776736ad55d9af3791582a63a6ffc,godot,4fd761645d85,LucaJunge/godot_orbit_controls,,migration_windows,0,2023-04-16,2f04e2ec95d776736ad55d9af3791582a63a6ffc,0.1,single-commit
3a292a3e756ad401993b065244f6d7a0a6b5b81a,3,2023-05-06,3a292a3e756ad401993b065244f6d7a0a6b5b81a,godot,642a24306b30,rakkarage/PixelInterface,,migration_windows,1,2023-05-05,78eb76143044f9ad20a52ab1517af5aef4783d21,0.1,commit-burst
ea291d949a2150a42dff2900192c7491c8e705ab,3,2023-05-12,ea291d949a2150a42dff2900192c7491c8e705ab,godot,642a24306b30,rakkarage/PixelInterface,,migration_windows,7,2023-05-05,78eb76143044f9ad20a52ab1517af5aef4783d21,0.1,commit-burst
faa57d171062112b2cecf8395642b0e652d9268a,1,2019-04-27,faa57d171062112b2cecf8395642b0e652d9268a,godot,642a24306b30,steincodes/godot-shader-tutorials,,migration_windows,0,2019-04-27,faa57d171062112b2cecf8395642b0e652d9268a,0.1,single-commit
5b54d6157cdabc8c251f77fa7586fb7764967af7,1,2023-12-10,5b54d6157cdabc8c251f77fa7586fb7764967af7,godot,642a24306b30,andrew-wilkes/godot-behaviour-tree,,migration_windows,0,2023-12-10,5b54d6157cdabc8c251f77fa7586fb7764967af7,0.1,single-commit
24f10d9c11e6d8e33ef213f5aab9870efc512095,8,2019-04-07,24f10d9c11e6d8e33ef213f5aab9870efc512095,godot,642a24306b30,jnes92/udemy-games-godot,,migration_windows,2,2019-04-04,e842faa3d83a70e0af3330c5d8f8a11b2983e5e5,0.1,commit-burst
8d172ac26b35ba41839923e7e846d8a9e72707a8,1,2024-01-09,8d172ac26b35ba41839923e7e846d8a9e72707a8,godot,642a24306b30,DeybisMelendez/godot-template,,migration_windows,0,2024-01-09,8d172ac26b35ba41839923e7e846d8a9e72707a8,0.1,single-commit
3ed3f697b2b82eeba3ce7d03b9a4f3905ccf7b46,1,2023-03-21,3ed3f697b2b82eeba3ce7d03b9a4f3905ccf7b46,godot,642a24306b30,msub2/godot-webxr-template,,migration_windows,0,2023-03-21,3ed3f697b2b82eeba3ce7d03b9a4f3905ccf7b46,0.1,single-commit
8e847e59021ec130e7c9c52117a5cbecc1b4a121,1,2023-09-27,8e847e59021ec130e7c9c52117a5cbecc1b4a121,godot,642a24306b30,Greaby/godot-qrcode-generator,,migration_windows,0,2023-09-27,8e847e59021ec130e7c9c52117a5cbecc1b4a121,0.1,single-commit
5a2102468f0c8b543fc38daa57231af724c1f883,1,2026-02-23,5a2102468f0c8b543fc38daa57231af724c1f883,godot,642a24306b30,brodcoli/Godot-Small-FPS,,migration_windows,0,2026-02-23,5a2102468f0c8b543fc38daa57231af724c1f883,0.1,single-commit
757d74bb04c78afd5971b89a4b78a78ae1c01c32,1,2021-12-18,757d74bb04c78afd5971b89a4b78a78ae1c01c32,godot,642a24306b30,Zylann/solar_system_demo,,migration_windows,0,2021-12-18,757d74bb04c78afd5971b89a4b78a78ae1c01c32,0.1,single-commit
cc00d1b9678b0d1ffa0685dc212f1e7ecfed15ec,36,2023-03-04,cc00d1b9678b0d1ffa0685dc212f1e7ecfed15ec,godot,642a24306b30,GodotVR/godot-xr-tools,span,migration_windows,56,2023-01-07,552fe72fff6603f06b8a7de89662c9f58e397a3d,0.1,commit-burst
b0ef45e6aeb036d04559607588653df388588e76,1,2024-08-18,b0ef45e6aeb036d04559607588653df388588e76,godot,02409c2c906f,TobiasKozel/VAEG,,migration_windows,0,2024-08-18,b0ef45e6aeb036d04559607588653df388588e76,0.1,single-commit
ae711f89fe85e920ae645c9299a6a5ec23608efe,18,2023-03-08,ae711f89fe85e920ae645c9299a6a5ec23608efe,godot,02409c2c906f,MenacingMecha/godot-psx-style-demo,,migration_windows,2,2023-03-06,5e91640c3f1cecaa4dd3f0200c498ee136373c7e,0.1,commit-burst
7d3d207f925336048e37fc81b7ad83b162863b0f,2,2023-02-01,7d3d207f925336048e37fc81b7ad83b162863b0f,godot,02409c2c906f,Raccoons-Rise-Up/client-godot,,migration_windows,2,2023-01-30,db3ba46870b30a7789230819b531b2b122d149e6,0.1,commit-burst
4ad01f90627a384bbef8564597787020a3dd4065,1,2021-12-28,4ad01f90627a384bbef8564597787020a3dd4065,godot,02409c2c906f,Calinou/godot-mlp-models,,migration_windows,0,2021-12-28,4ad01f90627a384bbef8564597787020a3dd4065,0.1,single-commit
