channel,date_field,date_source,engine,ev_id,is_first_of_minor,line,minor_series,released_on,schema,tag,v,version
stable,published_at,godotengine/godot,godot,220661a691a4,True,1.x,1.0,2014-12-17,releases,1.0-stable,0.1,1.0
stable,published_at,godotengine/godot,godot,220661a691a4,True,1.x,1.1,2015-05-21,releases,1.1-stable,0.1,1.1
stable,published_at,godotengine/godot,godot,220661a691a4,True,2.x,2.0,2016-02-23,releases,2.0-stable,0.1,2.0
stable,published_at,godotengine/godot,godot,220661a691a4,False,2.x,2.0,2016-05-13,releases,2.0.1-stable,0.1,2.0.1
stable,published_at,godotengine/godot,godot,220661a691a4,False,2.x,2.0,2016-05-13,releases,2.0.2-stable,0.1,2.0.2
stable,published_at,godotengine/godot,godot,220661a691a4,False,2.x,2.0,2016-05-13,releases,2.0.3-stable,0.1,2.0.3
stable,published_at,godotengine/godot,godot,220661a691a4,False,2.x,2.0,2016-07-13,releases,2.0.4.1-stable,0.1,2.0.4.1
stable,published_at,godotengine/godot,godot,220661a691a4,True,2.x,2.1,2016-08-09,releases,2.1-stable,0.1,2.1
stable,published_at,godotengine/godot,godot,220661a691a4,False,2.x,2.1,2016-11-17,releases,2.1.1-stable,0.1,2.1.1
stable,published_at,godotengine/godot,godot,220661a691a4,False,2.x,2.1,2017-01-22,releases,2.1.2-stable,0.1,2.1.2
stable,published_at,godotengine/godot,godot,220661a691a4,False,2.x,2.1,2017-04-12,releases,2.1.3-stable,0.1,2.1.3
stable,published_at,godotengine/godot,godot,220661a691a4,False,2.x,2.1,2017-08-27,releases,2.1.4-stable,0.1,2.1.4
stable,published_at,godotengine/godot,godot,220661a691a4,True,3.x,3.0,2018-03-04,releases,3.0-stable,0.1,3.0
stable,published_at,godotengine/godot,godot,220661a691a4,False,3.x,3.0,2018-03-04,releases,3.0.1-stable,0.1,3.0.1
stable,published_at,godotengine/godot,godot,220661a691a4,False,3.x,3.0,2018-03-04,releases,3.0.2-stable,0.1,3.0.2
rc,created_at,godotengine/godot-builds,godot,9f1931f0d0f8,False,3.x,3.0,2018-05-02,releases,3.0.3-rc1,0.1,3.0.3
rc,created_at,godotengine/godot-builds,godot,9f1931f0d0f8,False,3.x,3.0,2018-05-14,releases,3.0.3-rc2,0.1,3.0.3
rc,created_at,godotengine/godot-builds,godot,9f1931f0d0f8,False,3.x,3.0,2018-06-02,releases,3.0.3-rc3,0.1,3.0.3
stable,published_at,godotengine/godot,godot,220661a691a4,False,3.x,3.0,2018-06-14,releases,3.0.3-stable,0.1,3.0.3
stable,published_at,godotengine/godot,godot,220661a691a4,False,3.x,3.0,2018-07-09,releases,3.0.5-stable,0.1,3.0.5
stable,published_at,godotengine/godot,godot,220661a691a4,False,2.x,2.1,2018-08-30,releases,2.1.5-stable,0.1,2.1.5
stable,published_at,godotengine/godot,godot,220661a691a4,False,3.x,3.0,2018-08-30,releases,3.0.4-stable,0.1,3.0.4
stable,published_at,godotengine/godot,godot,220661a691a4,False,3.x,3.0,2018-08-30,releases,3.0.6-stable,0.1,3.0.6
alpha,created_at,godotengine/godot-builds,godot,9f1931f0d0f8,False,3.x,3.1,2018-08-31,releases,3.1-alpha1,0.1,3.1
alpha,created_at,godotengine/godot-builds,godot,9f1931f0d0f8,False,3.x,3.1,2018-11-02,releases,3.1-alpha2,0.1,3.1
alpha,created_at,godotengine/godot-builds,godot,9f1931f0d0f8,False,3.x,3.1,2018-12-11,releases,3.1-alpha3,0.1,3.1
alpha,created_at,godotengine/godot-builds,godot,9f1931f0d0f8,False,3.x,3.1,2018-12-22,releases,3.1-alpha4,0.1,3.1
alpha,created_at,godotengine/godot-builds,godot,9f1931f0d0f8,False,3.x,3.1,2019-01-02,releases,3.1-alpha5,0.1,3.1
beta,created_at,godotengine/godot-builds,godot,9f1931f0d0f8,False,3.x,3.1,2019-01-08,releases,3.1-beta1,0.1,3.1
beta,created_at,godotengine/godot-builds,godot,9f1931f0d0f8,False,3.x,3.1,2019-01-18,releases,3.1-beta2,0.1,3.1
beta,created_at,godotengine/godot-builds,godot,9f1931f0d0f8,False,3.x,3.1,2019-01-27,releases,3.1-beta3,0.1,3.1
beta,created_at,godotengine/godot-builds,godot,9f1931f0d0f8,False,3.x,3.1,2019-02-12,releases,3.1-beta4,0.1,3.1
beta,created_at,godotengine/godot-builds,godot,9f1931f0d0f8,False,3.x,3.1,2019-02-17,releases,3.1-beta5,0.1,3.1
beta,created_at,godotengine/godot-builds,godot,9f1931f0d0f8,False,3.x,3.1,2019-02-22,releases,3.1-beta6,0.1,3.1
beta,created_at,godotengine/godot-builds,godot,9f1931f0d0f8,False,3.x,3.1,2019-02-24,releases,3.1-beta7,0.1,3.1
beta,created_at,godotengine/godot-builds,godot,9f1931f0d0f8,False,3.x,3.1,2019-02-26,releases,3.1-beta8,0.1,3.1
beta,created_at,godotengine/godot-builds,godot,9f1931f0d0f8,False,3.x,3.1,2019-02-28,releases,3.1-beta9,0.1,3.1
beta,created_at,godotengine/godot-builds,godot,9f1931f0d0f8,False,3.x,3.1,2019-03-02,releases,3.1-beta10,0.1,3.1
beta,created_at,godotengine/godot-builds,godot,9f1931f0d0f8,False,3.x,3.1,2019-03-05,releases,3.1-beta11,0.1,3.1
rc,created_at,godotengine/godot-builds,godot,9f1931f0d0f8,False,3.x,3.1,2019-03-08,releases,3.1-rc1,0.1,3.1
rc,created_at,godotengine/godot-builds,godot,9f1931f0d0f8,False,3.x,3.1,2019-03-11,releases,3.1-rc2,0.1,3.1
rc,created_at,godotengine/godot-builds,godot,9f1931f0d0f8,False,3.x,3.1,2019-03-12,releases,3.1-rc3,0.1,3.1
stable,published_at,godotengine/godot,godot,220661a691a4,True,3.x,3.1,2019-04-01,releases,3.1-stable,0.1,3.1
rc,created_at,godotengine/godot-builds,godot,9f1931f0d0f8,False,3.x,3.1,2019-04-23,releases,3.1.1-rc1,0.1,3.1.1
rc,created_at,godotengine/godot-builds,godot,9f1931f0d0f8,False,2.x,2.1,2019-06-04,releases,2.1.6-rc1,0.1,2.1.6
stable,published_at,godotengine/godot,godot,220661a691a4,False,2.x,2.1,2019-07-11,releases,2.1.6-stable,0.1,2.1.6
stable,published_at,godotengine/godot,godot,220661a691a4,False,3.x,3.1,2019-07-11,releases,3.1.1-stable,0.1,3.1.1
alpha,created_at,godotengine/godot-builds,godot,9f1931f0d0f8,False,3.x,3.2,2019-10-06,releases,3.2-alpha1,0.1,3.2
alpha,created_at,godotengine/godot-builds,godot,9f1931f0d0f8,False,3.x,3.2,2019-10-11,releases,3.2-alpha2,0.1,3.2
alpha,created_at,godotengine/godot-builds,godot,9f1931f0d0f8,False,3.x,3.2,2019-10-24,releases,3.2-alpha3,0.1,3.2
beta,created_at,godotengine/godot-builds,godot,9f1931f0d0f8,False,3.x,3.2,2019-11-06,releases,3.2-beta1,0.1,3.2
rc,created_at,godotengine/godot-builds,godot,9f1931f0d0f8,False,3.x,3.1,2019-11-13,releases,3.1.2-rc1,0.1,3.1.2
beta,created_at,godotengine/godot-builds,godot,9f1931f0d0f8,False,3.x,3.2,2019-11-22,releases,3.2-beta2,0.1,3.2
stable,published_at,godotengine/godot,godot,220661a691a4,False,3.x,3.1,2019-12-03,releases,3.1.2-stable,0.1,3.1.2
beta,created_at,godotengine/godot-builds,godot,9f1931f0d0f8,False,3.x,3.2,2019-12-04,releases,3.2-beta3,0.1,3.2
beta,created_at,godotengine/godot-builds,godot,9f1931f0d0f8,False,3.x,3.2,2019-12-18,releases,3.2-beta4,0.1,3.2
beta,created_at,godotengine/godot-builds,godot,9f1931f0d0f8,False,3.x,3.2,2020-01-03,releases,3.2-beta5,0.1,3.2
beta,created_at,godotengine/godot-builds,godot,9f1931f0d0f8,False,3.x,3.2,2020-01-11,releases,3.2-beta6,0.1,3.2
rc,created_at,godotengine/godot-builds,godot,9f1931f0d0f8,False,3.x,3.2,2020-01-17,releases,3.2-rc1,0.1,3.2
rc,created_at,godotengine/godot-builds,godot,9f1931f0d0f8,False,3.x,3.2,2020-01-20,releases,3.2-rc2,0.1,3.2
rc,created_at,godotengine/godot-builds,godot,9f1931f0d0f8,False,3.x,3.2,2020-01-24,releases,3.2-rc3,0.1,3.2
rc,created_at,godotengine/godot-builds,godot,9f1931f0d0f8,False,3.x,3.2,2020-01-27,releases,3.2-rc4,0.1,3.2
stable,published_at,godotengine/godot,godot,220661a691a4,True,3.x,3.2,2020-01-29,releases,3.2-stable,0.1,3.2
rc,created_at,godotengine/godot-builds,godot,9f1931f0d0f8,False,3.x,3.2,2020-02-20,releases,3.2.1-rc1,0.1,3.2.1
rc,created_at,godotengine/godot-builds,godot,9f1931f0d0f8,False,3.x,3.2,2020-03-05,releases,3.2.1-rc2,0.1,3.2.1
stable,published_at,godotengine/godot,godot,220661a691a4,False,3.x,3.2,2020-03-10,releases,3.2.1-stable,0.1,3.2.1
beta,created_at,godotengine/godot-builds,godot,9f1931f0d0f8,False,3.x,3.2,2020-04-18,releases,3.2.2-beta1,0.1,3.2.2
beta,created_at,godotengine/godot-builds,godot,9f1931f0d0f8,False,3.x,3.2,2020-05-07,releases,3.2.2-beta2,0.1,3.2.2
beta,created_at,godotengine/godot-builds,godot,9f1931f0d0f8,False,3.x,3.2,2020-05-22,releases,3.2.2-beta3,0.1,3.2.2
beta,created_at,godotengine/godot-builds,godot,9f1931f0d0f8,False,3.x,3.2,2020-06-05,releases,3.2.2-beta4,0.1,3.2.2
rc,created_at,godotengine/godot-builds,godot,9f1931f0d0f8,False,3.x,3.2,2020-06-11,releases,3.2.2-rc1,0.1,3.2.2
rc,created_at,godotengine/godot-builds,godot,9f1931f0d0f8,False,3.x,3.2,2020-06-18,releases,3.2.2-rc2,0.1,3.2.2
rc,created_at,godotengine/godot-builds,godot,9f1931f0d0f8,False,3.x,3.2,2020-06-22,releases,3.2.2-rc3,0.1,3.2.2
rc,created_at,godotengine/godot-builds,godot,9f1931f0d0f8,False,3.x,3.2,2020-06-25,releases,3.2.2-rc4,0.1,3.2.2
stable,published_at,godotengine/godot,godot,220661a691a4,False,3.x,3.2,2020-06-26,releases,3.2.2-stable,0.1,3.2.2
beta,created_at,godotengine/godot-builds,godot,9f1931f0d0f8,False,3.x,3.2,2020-07-15,releases,3.2.3-beta1,0.1,3.2.3
rc,created_at,godotengine/godot-builds,godot,9f1931f0d0f8,False,3.x,3.2,2020-07-24,releases,3.2.3-rc1,0.1,3.2.3
rc,created_at,godotengine/godot-builds,godot,9f1931f0d0f8,False,3.x,3.2,2020-07-28,releases,3.2.3-rc2,0.1,3.2.3
rc,created_at,godotengine/godot-builds,godot,9f1931f0d0f8,False,3.x,3.2,2020-07-31,releases,3.2.3-rc3,0.1,3.2.3
rc,created_at,godotengine/godot-builds,godot,9f1931f0d0f8,False,3.x,3.2,2020-08-21,releases,3.2.3-rc4,0.1,3.2.3
rc,created_at,godotengine/godot-builds,godot,9f1931f0d0f8,False,3.x,3.2,2020-09-02,releases,3.2.3-rc5,0.1,3.2.3
rc,created_at,godotengine/godot-builds,godot,9f1931f0d0f8,False,3.x,3.2,2020-09-09,releases,3.2.3-rc6,0.1,3.2.3
stable,published_at,godotengine/godot,godot,220661a691a4,False,3.x,3.2,2020-09-17,releases,3.2.3-stable,0.1,3.2.3
beta,created_at,godotengine/godot-builds,godot,9f1931f0d0f8,False,3.x,3.2,2020-10-21,releases,3.2.4-beta1,0.1,3.2.4
beta,created_at,godotengine/godot-builds,godot,9f1931f0d0f8,False,3.x,3.2,2020-11-18,releases,3.2.4-beta2,0.1,3.2.4
beta,created_at,godotengine/godot-builds,godot,9f1931f0d0f8,False,3.x,3.2,2020-11-27,releases,3.2.4-beta3,0.1,3.2.4
beta,created_at,godotengine/godot-builds,godot,9f1931f0d0f8,False,3.x,3.2,2020-12-11,releases,3.2.4-beta4,0.1,3.2.4
beta,created_at,godotengine/godot-builds,godot,9f1931f0d0f8,False,3.x,3.2,2021-01-07,releases,3.2.4-beta5,0.1,3.2.4
beta,created_at,godotengine/godot-builds,godot,9f1931f0d0f8,False,3.x,3.2,2021-01-16,releases,3.2.4-beta6,0.1,3.2.4
rc,created_at,godotengine/godot-builds,godot,9f1931f0d0f8,False,3.x,3.2,2021-01-28,releases,3.2.4-rc1,0.1,3.2.4
rc,created_at,godotengine/godot-builds,godot,9f1931f0d0f8,False,3.x,3.2,2021-02-12,releases,3.2.4-rc2,0.1,3.2.4
rc,created_at,godotengine/godot-builds,godot,9f1931f0d0f8,False,3.x,3.2,2021-02-23,releases,3.2.4-rc3,0.1,3.2.4
rc,created_at,godotengine/godot-builds,godot,9f1931f0d0f8,False,3.x,3.2,2021-03-09,releases,3.2.4-rc4,0.1,3.2.4
rc,created_at,godotengine/godot-builds,godot,9f1931f0d0f8,False,3.x,3.2,2021-03-13,releases,3.2.4-rc5,0.1,3.2.4
rc,created_at,godotengine/godot-builds,godot,9f1931f0d0f8,False,3.x,3.3,2021-03-18,releases,3.3-rc6,0.1,3.3
rc,created_at,godotengine/godot-builds,godot,9f1931f0d0f8,False,3.x,3.3,2021-03-30,releases,3.3-rc7,0.1,3.3
rc,created_at,godotengine/godot-builds,godot,9f1931f0d0f8,False,3.x,3.3,2021-04-07,releases,3.3-rc8,0.1,3.3
rc,created_at,godotengine/godot-builds,godot,9f1931f0d0f8,False,3.x,3.3,2021-04-14,releases,3.3-rc9,0.1,3.3
stable,published_at,godotengine/godot,godot,220661a691a4,True,3.x,3.3,2021-04-21,releases,3.3-stable,0.1,3.3
rc,created_at,godotengine/godot-builds,godot,9f1931f0d0f8,False,3.x,3.3,2021-05-10,releases,3.3.1-rc1,0.1,3.3.1
rc,created_at,godotengine/godot-builds,godot,9f1931f0d0f8,False,3.x,3.3,2021-05-15,releases,3.3.1-rc2,0.1,3.3.1
stable,published_at,godotengine/godot,godot,220661a691a4,False,3.x,3.3,2021-05-18,releases,3.3.1-stable,0.1,3.3.1
stable,published_at,godotengine/godot,godot,220661a691a4,False,3.x,3.3,2021-05-24,releases,3.3.2-stable,0.1,3.3.2
beta,created_at,godotengine/godot-builds,godot,9f1931f0d0f8,False,3.x,3.4,2021-07-13,releases,3.4-beta1,0.1,3.4
beta,created_at,godotengine/godot-builds,godot,9f1931f0d0f8,False,3.x,3.4,2021-07-27,releases,3.4-beta2,0.1,3.4
rc,created_at,godotengine/godot-builds,godot,9f1931f0d0f8,False,3.x,3.3,2021-08-04,releases,3.3.3-rc1,0.1,3.3.3
beta,created_at,godotengine/godot-builds,godot,9f1931f0d0f8,False,3.x,3.4,2021-08-06,releases,3.4-beta3,0.1,3.4
rc,created_at,godotengine/godot-builds,godot,9f1931f0d0f8,False,3.x,3.3,2021-08-16,releases,3.3.3-rc2,0.1,3.3.3
stable,published_at,godotengine/godot,godot,220661a691a4,False,3.x,3.3,2021-08-19,releases,3.3.3-stable,0.1,3.3.3
beta,created_at,godotengine/godot-builds,godot,9f1931f0d0f8,False,3.x,3.4,2021-08-19,releases,3.4-beta4,0.1,3.4
beta,created_at,godotengine/godot-builds,godot,9f1931f0d0f8,False,3.x,3.4,2021-09-22,releases,3.4-beta5,0.1,3.4
rc,created_at,godotengine/godot-builds,godot,9f1931f0d0f8,False,3.x,3.3,2021-09-29,releases,3.3.4-rc1,0.1,3.3.4
stable,published_at,godotengine/godot,godot,220661a691a4,False,3.x,3.3,2021-10-01,releases,3.3.4-stable,0.1,3.3.4
beta,created_at,godotengine/godot-builds,godot,9f1931f0d0f8,False,3.x,3.4,2021-10-06,releases,3.4-beta6,0.1,3.4
rc,created_at,godotengine/godot-builds,godot,9f1931f0d0f8,False,3.x,3.4,2021-10-19,releases,3.4-rc1,0.1,3.4
rc,created_at,godotengine/godot-builds,godot,9f1931f0d0f8,False,3.x,3.4,2021-10-27,releases,3.4-rc2,0.1,3.4
rc,created_at,godotengine/godot-builds,godot,9f1931f0d0f8,False,3.x,3.4,2021-11-02,releases,3.4-rc3,0.1,3.4
stable,published_at,godotengine/godot,godot,220661a691a4,True,3.x,3.4,2021-11-05,releases,3.4-stable,0.1,3.4
rc,created_at,godotengine/godot-builds,godot,9f1931f0d0f8,False,3.x,3.4,2021-11-26,releases,3.4.1-rc1,0.1,3.4.1
rc,created_at,godotengine/godot-builds,godot,9f1931f0d0f8,False,3.x,3.4,2021-12-08,releases,3.4.1-rc2,0.1,3.4.1
rc,created_at,godotengine/godot-builds,godot,9f1931f0d0f8,False,3.x,3.4,2021-12-15,releases,3.4.1-rc3,0.1,3.4.1
stable,published_at,godotengine/godot,godot,220661a691a4,False,3.x,3.4,2021-12-17,releases,3.4.1-stable,0.1,3.4.1
stable,published_at,godotengine/godot,godot,220661a691a4,False,3.x,3.4,2021-12-22,releases,3.4.2-stable,0.1,3.4.2
beta,created_at,godotengine/godot-builds,godot,9f1931f0d0f8,False,3.x,3.5,2022-01-13,releases,3.5-beta1,0.1,3.5
alpha,created_at,godotengine/godot-builds,godot,9f1931f0d0f8,False,4.x,4.0,2022-01-24,releases,4.0-alpha1,0.1,4.0
rc,created_at,godotengine/godot-builds,godot,9f1931f0d0f8,False,3.x,3.4,2022-02-03,releases,3.4.3-rc1,0.1,3.4.3
alpha,created_at,godotengine/godot-builds,godot,9f1931f0d0f8,False,4.x,4.0,2022-02-09,releases,4.0-alpha2,0.1,4.0
rc,created_at,godotengine/godot-builds,godot,9f1931f0d0f8,False,3.x,3.4,2022-02-17,releases,3.4.3-rc2,0.1,3.4.3
alpha,created_at,godotengine/godot-builds,godot,9f1931f0d0f8,False,4.x,4.0,2022-02-22,releases,4.0-alpha3,0.1,4.0
stable,published_at,godotengine/godot,godot,220661a691a4,False,3.x,3.4,2022-02-25,releases,3.4.3-stable,0.1,3.4.3
rc,created_at,godotengine/godot-builds,godot,9f1931f0d0f8,False,3.x,3.4,2022-03-08,releases,3.4.4-rc1,0.1,3.4.4
alpha,created_at,godotengine/godot-builds,godot,9f1931f0d0f8,False,4.x,4.0,2022-03-08,releases,4.0-alpha4,0.1,4.0
beta,created_at,godotengine/godot-builds,godot,9f1931f0d0f8,False,3.x,3.5,2022-03-15,releases,3.5-beta2,0.1,3.5
rc,created_at,godotengine/godot-builds,godot,9f1931f0d0f8,False,3.x,3.4,2022-03-16,releases,3.4.4-rc2,0.1,3.4.4
stable,published_at,godotengine/godot,godot,220661a691a4,False,3.x,3.4,2022-03-23,releases,3.4.4-stable,0.1,3.4.4
alpha,created_at,godotengine/godot-builds,godot,9f1931f0d0f8,False,4.x,4.0,2022-03-24,releases,4.0-alpha5,0.1,4.0
beta,created_at,godotengine/godot-builds,godot,9f1931f0d0f8,False,3.x,3.5,2022-03-30,releases,3.5-beta3,0.1,3.5
alpha,created_at,godotengine/godot-builds,godot,9f1931f0d0f8,False,4.x,4.0,2022-04-06,releases,4.0-alpha6,0.1,4.0
beta,created_at,godotengine/godot-builds,godot,9f1931f0d0f8,False,3.x,3.5,2022-04-15,releases,3.5-beta4,0.1,3.5
alpha,created_at,godotengine/godot-builds,godot,9f1931f0d0f8,False,4.x,4.0,2022-04-27,releases,4.0-alpha7,0.1,4.0
beta,created_at,godotengine/godot-builds,godot,9f1931f0d0f8,False,3.x,3.5,2022-05-03,releases,3.5-beta5,0.1,3.5
alpha,created_at,godotengine/godot-builds,godot,9f1931f0d0f8,False,4.x,4.0,2022-05-11,releases,4.0-alpha8,0.1,4.0
rc,created_at,godotengine/godot-builds,godot,9f1931f0d0f8,False,3.x,3.5,2022-05-18,releases,3.5-rc1,0.1,3.5
rc,created_at,godotengine/godot-builds,godot,9f1931f0d0f8,False,3.x,3.5,2022-05-24,releases,3.5-rc2,0.1,3.5
rc,created_at,godotengine/godot-builds,godot,9f1931f0d0f8,False,3.x,3.5,2022-06-01,releases,3.5-rc3,0.1,3.5
alpha,created_at,godotengine/godot-builds,godot,9f1931f0d0f8,False,4.x,4.0,2022-06-02,releases,4.0-alpha9,0.1,4.0
alpha,created_at,godotengine/godot-builds,godot,9f1931f0d0f8,False,4.x,4.0,2022-06-15,releases,4.0-alpha10,0.1,4.0
rc,created_at,godotengine/godot-builds,godot,9f1931f0d0f8,False,3.x,3.5,2022-06-17,releases,3.5-rc4,0.1,3.5
rc,created_at,godotengine/godot-builds,godot,9f1931f0d0f8,False,3.x,3.5,2022-06-27,releases,3.5-rc5,0.1,3.5
alpha,created_at,godotengine/godot-builds,godot,9f1931f0d0f8,False,4.x,4.0,2022-07-01,releases,4.0-alpha11,0.1,4.0
rc,created_at,godotengine/godot-builds,godot,9f1931f0d0f8,False,3.x,3.5,2022-07-08,releases,3.5-rc6,0.1,3.5
alpha,created_at,godotengine/godot-builds,godot,9f1931f0d0f8,False,4.x,4.0,2022-07-14,releases,4.0-alpha12,0.1,4.0
rc,created_at,godotengine/godot-builds,godot,9f1931f0d0f8,False,3.x,3.4,2022-07-19,releases,3.4.5-rc1,0.1,3.4.5
rc,created_at,godotengine/godot-builds,godot,9f1931f0d0f8,False,3.x,3.5,2022-07-22,releases,3.5-rc7,0.1,3.5
rc,created_at,godotengine/godot-builds,godot,9f1931f0d0f8,False,3.x,3.5,2022-07-28,releases,3.5-rc8,0.1,3.5
alpha,created_at,godotengine/godot-builds,godot,9f1931f0d0f8,False,4.x,4.0,2022-07-28,releases,4.0-alpha13,0.1,4.0
stable,published_at,godotengine/godot,godot,220661a691a4,False,3.x,3.4,2022-08-02,releases,3.4.5-stable,0.1,3.4.5
stable,published_at,godotengine/godot,godot,220661a691a4,True,3.x,3.5,2022-08-05,releases,3.5-stable,0.1,3.5
alpha,created_at,godotengine/godot-builds,godot,9f1931f0d0f8,False,4.x,4.0,2022-08-11,releases,4.0-alpha14,0.1,4.0
alpha,created_at,godotengine/godot-builds,godot,9f1931f0d0f8,False,4.x,4.0,2022-08-30,releases,4.0-alpha15,0.1,4.0
rc,created_at,godotengine/godot-builds,godot,9f1931f0d0f8,False,3.x,3.5,2022-09-02,releases,3.5.1-rc1,0.1,3.5.1
alpha,created_at,godotengine/godot-builds,godot,9f1931f0d0f8,False,4.x,4.0,2022-09-07,releases,4.0-alpha16,0.1,4.0
alpha,created_at,godotengine/godot-builds,godot,9f1931f0d0f8,False,4.x,4.0,2022-09-13,releases,4.0-alpha17,0.1,4.0
beta,created_at,godotengine/godot-builds,godot,9f1931f0d0f8,False,4.x,4.0,2022-09-15,releases,4.0-beta1,0.1,4.0
rc,created_at,godotengine/godot-builds,godot,9f1931f0d0f8,False,3.x,3.5,2022-09-21,releases,3.5.1-rc2,0.1,3.5.1
stable,published_at,godotengine/godot,godot,220661a691a4,False,3.x,3.5,2022-09-28,releases,3.5.1-stable,0.1,3.5.1
beta,created_at,godotengine/godot-builds,godot,9f1931f0d0f8,False,4.x,4.0,2022-09-29,releases,4.0-beta2,0.1,4.0
beta,created_at,godotengine/godot-builds,godot,9f1931f0d0f8,False,4.x,4.0,2022-10-14,releases,4.0-beta3,0.1,4.0
beta,created_at,godotengine/godot-builds,godot,9f1931f0d0f8,False,4.x,4.0,2022-11-01,releases,4.0-beta4,0.1,4.0
beta,created_at,godotengine/godot-builds,godot,9f1931f0d0f8,False,4.x,4.0,2022-11-16,releases,4.0-beta5,0.1,4.0
beta,created_at,godotengine/godot-builds,godot,9f1931f0d0f8,False,4.x,4.0,2022-11-23,releases,4.0-beta6,0.1,4.0
beta,created_at,godotengine/godot-builds,godot,9f1931f0d0f8,False,4.x,4.0,2022-12-01,releases,4.0-beta7,0.1,4.0
beta,created_at,godotengine/godot-builds,godot,9f1931f0d0f8,False,4.x,4.0,2022-12-09,releases,4.0-beta8,0.1,4.0
rc,created_at,godotengine/godot-builds,godot,9f1931f0d0f8,False,3.x,3.5,2022-12-14,releases,3.5.2-rc1,0.1,3.5.2
beta,created_at,godotengine/godot-builds,godot,9f1931f0d0f8,False,4.x,4.0,2022-12-19,releases,4.0-beta9,0.1,4.0
beta,created_at,godotengine/godot-builds,godot,9f1931f0d0f8,False,4.x,4.0,2022-12-23,releases,4.0-beta10,0.1,4.0
beta,created_at,godotengine/godot-builds,godot,9f1931f0d0f8,False,4.x,4.0,2023-01-10,releases,4.0-beta11,0.1,4.0
rc,created_at,godotengine/godot-builds,godot,9f1931f0d0f8,False,3.x,3.5,2023-01-12,releases,3.5.2-rc2,0.1,3.5.2
beta,created_at,godotengine/godot-builds,godot,9f1931f0d0f8,False,4.x,4.0,2023-01-13,releases,4.0-beta12,0.1,4.0
beta,created_at,godotengine/godot-builds,godot,9f1931f0d0f8,False,4.x,4.0,2023-01-17,releases,4.0-beta13,0.1,4.0
beta,created_at,godotengine/godot-builds,godot,9f1931f0d0f8,False,4.x,4.0,2023-01-20,releases,4.0-beta14,0.1,4.0
beta,created_at,godotengine/godot-builds,godot,9f1931f0d0f8,False,4.x,4.0,2023-01-24,releases,4.0-beta15,0.1,4.0
beta,created_at,godotengine/godot-builds,godot,9f1931f0d0f8,False,4.x,4.0,2023-01-27,releases,4.0-beta16,0.1,4.0
beta,created_at,godotengine/godot-builds,godot,9f1931f0d0f8,False,4.x,4.0,2023-02-01,releases,4.0-beta17,0.1,4.0
rc,created_at,godotengine/godot-builds,godot,9f1931f0d0f8,False,4.x,4.0,2023-02-08,releases,4.0-rc1,0.1,4.0
rc,created_at,godotengine/godot-builds,godot,9f1931f0d0f8,False,4.x,4.0,2023-02-14,releases,4.0-rc2,0.1,4.0
rc,created_at,godotengine/godot-builds,godot,9f1931f0d0f8,False,4.x,4.0,2023-02-21,releases,4.0-rc3,0.1,4.0
rc,created_at,godotengine/godot-builds,godot,9f1931f0d0f8,False,4.x,4.0,2023-02-23,releases,4.0-rc4,0.1,4.0
rc,created_at,godotengine/godot-builds,godot,9f1931f0d0f8,False,4.x,4.0,2023-02-24,releases,4.0-rc5,0.1,4.0
rc,created_at,godotengine/godot-builds,godot,9f1931f0d0f8,False,4.x,4.0,2023-02-27,releases,4.0-rc6,0.1,4.0
stable,published_at,godotengine/godot,godot,220661a691a4,True,4.x,4.0,2023-03-01,releases,4.0-stable,0.1,4.0
stable,published_at,godotengine/godot,godot,220661a691a4,False,3.x,3.5,2023-03-07,releases,3.5.2-stable,0.1,3.5.2
rc,created_at,godotengine/godot-builds,godot,9f1931f0d0f8,False,4.x,4.0,2023-03-15,releases,4.0.1-rc1,0.1,4.0.1
rc,created_at,godotengine/godot-builds,godot,9f1931f0d0f8,False,4.x,4.0,2023-03-17,releases,4.0.1-rc2,0.1,4.0.1
stable,published_at,godotengine/godot,godot,220661a691a4,False,4.x,4.0,2023-03-20,releases,4.0.1-stable,0.1,4.0.1
rc,created_at,godotengine/godot-builds,godot,9f1931f0d0f8,False,4.x,4.0,2023-03-31,releases,4.0.2-rc1,0.1,4.0.2
stable,published_at,godotengine/godot,godot,220661a691a4,False,4.x,4.0,2023-04-04,releases,4.0.2-stable,0.1,4.0.2
beta,created_at,godotengine/godot-builds,godot,9f1931f0d0f8,False,3.x,3.6,2023-04-12,releases,3.6-beta1,0.1,3.6
dev,created_at,godotengine/godot-builds,godot,9f1931f0d0f8,False,4.x,4.1,2023-04-21,releases,4.1-dev1,0.1,4.1
rc,created_at,godotengine/godot-builds,godot,9f1931f0d0f8,False,4.x,4.0,2023-04-27,releases,4.0.3-rc1,0.1,4.0.3
dev,created_at,godotengine/godot-builds,godot,9f1931f0d0f8,False,4.x,4.1,2023-05-09,releases,4.1-dev2,0.1,4.1
rc,created_at,godotengine/godot-builds,godot,9f1931f0d0f8,False,4.x,4.0,2023-05-12,releases,4.0.3-rc2,0.1,4.0.3
stable,published_at,godotengine/godot,godot,220661a691a4,False,4.x,4.0,2023-05-19,releases,4.0.3-stable,0.1,4.0.3
beta,created_at,godotengine/godot-builds,godot,9f1931f0d0f8,False,3.x,3.6,2023-05-24,releases,3.6-beta2,0.1,3.6
dev,created_at,godotengine/godot-builds,godot,9f1931f0d0f8,False,4.x,4.1,2023-05-25,releases,4.1-dev3,0.1,4.1
dev,created_at,godotengine/godot-builds,godot,9f1931f0d0f8,False,4.x,4.1,2023-06-01,releases,4.1-dev4,0.1,4.1
beta,created_at,godotengine/godot-builds,godot,9f1931f0d0f8,False,4.x,4.1,2023-06-07,releases,4.1-beta1,0.1,4.1
beta,created_at,godotengine/godot-builds,godot,9f1931f0d0f8,False,4.x,4.1,2023-06-14,releases,4.1-beta2,0.1,4.1
beta,created_at,godotengine/godot-builds,godot,9f1931f0d0f8,False,4.x,4.1,2023-06-21,releases,4.1-beta3,0.1,4.1
rc,created_at,godotengine/godot-builds,godot,9f1931f0d0f8,False,4.x,4.1,2023-06-27,releases,4.1-rc1,0.1,4.1
rc,created_at,godotengine/godot-builds,godot,9f1931f0d0f8,False,4.x,4.1,2023-06-29,releases,4.1-rc2,0.1,4.1
rc,created_at,godotengine/godot-builds,godot,9f1931f0d0f8,False,4.x,4.1,2023-07-04,releases,4.1-rc3,0.1,4.1
stable,published_at,godotengine/godot,godot,220661a691a4,True,4.x,4.1,2023-07-06,releases,4.1-stable,0.1,4.1
rc,created_at,godotengine/godot-builds,godot,9f1931f0d0f8,False,4.x,4.1,2023-07-12,releases,4.1.1-rc1,0.1,4.1.1
stable,published_at,godotengine/godot,godot,220661a691a4,False,4.x,4.1,2023-07-17,releases,4.1.1-stable,0.1,4.1.1
dev,created_at,godotengine/godot-builds,godot,9f1931f0d0f8,False,4.x,4.2,2023-07-19,releases,4.2-dev1,0.1,4.2
rc,created_at,godotengine/godot-builds,godot,9f1931f0d0f8,False,4.x,4.0,2023-07-21,releases,4.0.4-rc1,0.1,4.0.4
dev,created_at,godotengine/godot-builds,godot,9f1931f0d0f8,False,4.x,4.2,2023-07-28,releases,4.2-dev2,0.1,4.2
stable,published_at,godotengine/godot,godot,220661a691a4,False,4.x,4.0,2023-08-03,releases,4.0.4-stable,0.1,4.0.4
dev,created_at,godotengine/godot-builds,godot,9f1931f0d0f8,False,4.x,4.2,2023-08-10,releases,4.2-dev3,0.1,4.2
beta,created_at,godotengine/godot-builds,godot,9f1931f0d0f8,False,3.x,3.6,2023-08-16,releases,3.6-beta3,0.1,3.6
dev,created_at,godotengine/godot-builds,godot,9f1931f0d0f8,False,4.x,4.2,2023-09-01,releases,4.2-dev4,0.1,4.2
rc,created_at,godotengine/godot-builds,godot,9f1931f0d0f8,False,3.x,3.5,2023-09-07,releases,3.5.3-rc1,0.1,3.5.3
dev,published_at,godotengine/godot-builds,godot,9f1931f0d0f8,False,4.x,4.2,2023-09-19,releases,4.2-dev5,0.1,4.2
rc,published_at,godotengine/godot-builds,godot,9f1931f0d0f8,False,4.x,4.1,2023-09-22,releases,4.1.2-rc1,0.1,4.1.2
stable,published_at,godotengine/godot,godot,220661a691a4,False,3.x,3.5,2023-09-25,releases,3.5.3-stable,0.1,3.5.3
dev,published_at,godotengine/godot-builds,godot,9f1931f0d0f8,False,4.x,4.2,2023-10-03,releases,4.2-dev6,0.1,4.2
stable,published_at,godotengine/godot,godot,220661a691a4,False,4.x,4.1,2023-10-04,releases,4.1.2-stable,0.1,4.1.2
beta,published_at,godotengine/godot-builds,godot,9f1931f0d0f8,False,4.x,4.2,2023-10-12,releases,4.2-beta1,0.1,4.2
beta,published_at,godotengine/godot-builds,godot,9f1931f0d0f8,False,4.x,4.2,2023-10-19,releases,4.2-beta2,0.1,4.2
beta,published_at,godotengine/godot-builds,godot,9f1931f0d0f8,False,4.x,4.2,2023-10-24,releases,4.2-beta3,0.1,4.2
rc,published_at,godotengine/godot-builds,godot,9f1931f0d0f8,False,4.x,4.1,2023-10-27,releases,4.1.3-rc1,0.1,4.1.3
beta,published_at,godotengine/godot-builds,godot,9f1931f0d0f8,False,4.x,4.2,2023-10-31,releases,4.2-beta4,0.1,4.2
stable,published_at,godotengine/godot,godot,220661a691a4,False,4.x,4.1,2023-11-01,releases,4.1.3-stable,0.1,4.1.3
beta,published_at,godotengine/godot-builds,godot,9f1931f0d0f8,False,4.x,4.2,2023-11-06,releases,4.2-beta5,0.1,4.2
beta,published_at,godotengine/godot-builds,godot,9f1931f0d0f8,False,4.x,4.2,2023-11-13,releases,4.2-beta6,0.1,4.2
rc,published_at,godotengine/godot-builds,godot,9f1931f0d0f8,False,4.x,4.2,2023-11-17,releases,4.2-rc1,0.1,4.2
rc,published_at,godotengine/godot-builds,godot,9f1931f0d0f8,False,4.x,4.2,2023-11-25,releases,4.2-rc2,0.1,4.2
stable,published_at,godotengine/godot,godot,220661a691a4,True,4.x,4.2,2023-11-30,releases,4.2-stable,0.1,4.2
rc,published_at,godotengine/godot-builds,godot,9f1931f0d0f8,False,4.x,4.2,2023-12-07,releases,4.2.1-rc1,0.1,4.2.1
stable,published_at,godotengine/godot,godot,220661a691a4,False,4.x,4.2,2023-12-12,releases,4.2.1-stable,0.1,4.2.1
dev,published_at,godotengine/godot-builds,godot,9f1931f0d0f8,False,4.x,4.3,2023-12-21,releases,4.3-dev1,0.1,4.3
dev,published_at,godotengine/godot-builds,godot,9f1931f0d0f8,False,4.x,4.3,2024-01-10,releases,4.3-dev2,0.1,4.3
beta,published_at,godotengine/godot-builds,godot,9f1931f0d0f8,False,3.x,3.6,2024-01-24,releases,3.6-beta4,0.1,3.6
rc,published_at,godotengine/godot-builds,godot,9f1931f0d0f8,False,4.x,4.1,2024-01-25,releases,4.1.4-rc1,0.1,4.1.4
rc,published_at,godotengine/godot-builds,godot,9f1931f0d0f8,False,4.x,4.2,2024-01-26,releases,4.2.2-rc1,0.1,4.2.2
dev,published_at,godotengine/godot-builds,godot,9f1931f0d0f8,False,4.x,4.3,2024-02-08,releases,4.3-dev3,0.1,4.3
dev,published_at,godotengine/godot-builds,godot,9f1931f0d0f8,False,4.x,4.3,2024-02-29,releases,4.3-dev4,0.1,4.3
rc,published_at,godotengine/godot-builds,godot,9f1931f0d0f8,False,4.x,4.1,2024-03-13,releases,4.1.4-rc2,0.1,4.1.4
rc,published_at,godotengine/godot-builds,godot,9f1931f0d0f8,False,4.x,4.2,2024-03-13,releases,4.2.2-rc2,0.1,4.2.2
dev,published_at,godotengine/godot-builds,godot,9f1931f0d0f8,False,4.x,4.3,2024-03-15,releases,4.3-dev5,0.1,4.3
rc,published_at,godotengine/godot-builds,godot,9f1931f0d0f8,False,4.x,4.1,2024-04-09,releases,4.1.4-rc3,0.1,4.1.4
rc,published_at,godotengine/godot-builds,godot,9f1931f0d0f8,False,4.x,4.2,2024-04-09,releases,4.2.2-rc3,0.1,4.2.2
stable,published_at,godotengine/godot,godot,220661a691a4,False,4.x,4.1,2024-04-17,releases,4.1.4-stable,0.1,4.1.4
stable,published_at,godotengine/godot,godot,220661a691a4,False,4.x,4.2,2024-04-17,releases,4.2.2-stable,0.1,4.2.2
dev,published_at,godotengine/godot-builds,godot,9f1931f0d0f8,False,4.x,4.3,2024-05-01,releases,4.3-dev6,0.1,4.3
beta,published_at,godotengine/godot-builds,godot,9f1931f0d0f8,False,3.x,3.6,2024-05-07,releases,3.6-beta5,0.1,3.6
beta,published_at,godotengine/godot-builds,godot,9f1931f0d0f8,False,4.x,4.3,2024-05-31,releases,4.3-beta1,0.1,4.3
beta,published_at,godotengine/godot-builds,godot,9f1931f0d0f8,False,4.x,4.3,2024-06-20,releases,4.3-beta2,0.1,4.3
rc,published_at,godotengine/godot-builds,godot,9f1931f0d0f8,False,3.x,3.6,2024-07-04,releases,3.6-rc1,0.1,3.6
beta,published_at,godotengine/godot-builds,godot,9f1931f0d0f8,False,4.x,4.3,2024-07-09,releases,4.3-beta3,0.1,4.3
rc,published_at,godotengine/godot-builds,godot,9f1931f0d0f8,False,4.x,4.3,2024-07-25,releases,4.3-rc1,0.1,4.3
rc,published_at,godotengine/godot-builds,godot,9f1931f0d0f8,False,4.x,4.3,2024-08-01,releases,4.3-rc2,0.1,4.3
rc,published_at,godotengine/godot-builds,godot,9f1931f0d0f8,False,4.x,4.3,2024-08-08,releases,4.3-rc3,0.1,4.3
stable,published_at,godotengine/godot,godot,220661a691a4,True,4.x,4.3,2024-08-15,releases,4.3-stable,0.1,4.3
dev,published_at,godotengine/godot-builds,godot,9f1931f0d0f8,False,4.x,4.4,2024-08-26,releases,4.4-dev1,0.1,4.4
stable,published_at,godotengine/godot,godot,220661a691a4,True,3.x,3.6,2024-09-09,releases,3.6-stable,0.1,3.6
dev,published_at,godotengine/godot-builds,godot,9f1931f0d0f8,False,4.x,4.4,2024-09-10,releases,4.4-dev2,0.1,4.4
dev,published_at,godotengine/godot-builds,godot,9f1931f0d0f8,False,4.x,4.4,2024-10-02,releases,4.4-dev3,0.1,4.4
dev,published_at,godotengine/godot-builds,godot,9f1931f0d0f8,False,4.x,4.4,2024-11-08,releases,4.4-dev4,0.1,4.4
dev,published_at,godotengine/godot-builds,godot,9f1931f0d0f8,False,4.x,4.4,2024-11-21,releases,4.4-dev5,0.1,4.4
dev,published_at,godotengine/godot-builds,godot,9f1931f0d0f8,False,4.x,4.4,2024-12-05,releases,4.4-dev6,0.1,4.4
dev,published_at,godotengine/godot-builds,godot,9f1931f0d0f8,False,4.x,4.4,2024-12-19,releases,4.4-dev7,0.1,4.4
beta,published_at,godotengine/godot-builds,godot,9f1931f0d0f8,False,4.x,4.4,2025-01-16,releases,4.4-beta1,0.1,4.4
beta,published_at,godotengine/godot-builds,godot,9f1931f0d0f8,False,4.x,4.4,2025-01-29,releases,4.4-beta2,0.1,4.4
beta,published_at,godotengine/godot-builds,godot,9f1931f0d0f8,False,4.x,4.4,2025-02-07,releases,4.4-beta3,0.1,4.4
beta,published_at,godotengine/godot-builds,godot,9f1931f0d0f8,False,4.x,4.4,2025-02-17,releases,4.4-beta4,0.1,4.4
rc,published_at,godotengine/godot-builds,godot,9f1931f0d0f8,False,4.x,4.4,2025-02-21,releases,4.4-rc1,0.1,4.4
rc,published_at,godotengine/godot-builds,godot,9f1931f0d0f8,False,4.x,4.4,2025-02-26,releases,4.4-rc2,0.1,4.4
rc,published_at,godotengine/godot-builds,godot,9f1931f0d0f8,False,4.x,4.4,2025-02-28,releases,4.4-rc3,0.1,4.4
stable,published_at,godotengine/godot,godot,220661a691a4,True,4.x,4.4,2025-03-03,releases,4.4-stable,0.1,4.4
rc,published_at,godotengine/godot-builds,godot,9f1931f0d0f8,False,4.x,4.4,2025-03-14,releases,4.4.1-rc1,0.1,4.4.1
dev,published_at,godotengine/godot-builds,godot,9f1931f0d0f8,False,4.x,4.5,2025-03-20,releases,4.5-dev1,0.1,4.5
rc,published_at,godotengine/godot-builds,godot,9f1931f0d0f8,False,4.x,4.4,2025-03-21,releases,4.4.1-rc2,0.1,4.4.1
stable,published_at,godotengine/godot,godot,220661a691a4,False,4.x,4.4,2025-03-26,releases,4.4.1-stable,0.1,4.4.1
dev,published_at,godotengine/godot-builds,godot,9f1931f0d0f8,False,4.x,4.5,2025-04-08,releases,4.5-dev2,0.1,4.5
dev,published_at,godotengine/godot-builds,godot,9f1931f0d0f8,False,4.x,4.5,2025-04-25,releases,4.5-dev3,0.1,4.5
dev,published_at,godotengine/godot-builds,godot,9f1931f0d0f8,False,4.x,4.5,2025-05-13,releases,4.5-dev4,0.1,4.5
dev,published_at,godotengine/godot-builds,godot,9f1931f0d0f8,False,4.x,4.5,2025-06-02,releases,4.5-dev5,0.1,4.5
beta,published_at,godotengine/godot-builds,godot,9f1931f0d0f8,False,4.x,4.5,2025-06-18,releases,4.5-beta1,0.1,4.5
stable,published_at,godotengine/godot,godot,220661a691a4,False,3.x,3.6,2025-06-25,releases,3.6.1-stable,0.1,3.6.1
beta,published_at,godotengine/godot-builds,godot,9f1931f0d0f8,False,4.x,4.5,2025-07-07,releases,4.5-beta2,0.1,4.5
beta,published_at,godotengine/godot-builds,godot,9f1931f0d0f8,False,4.x,4.5,2025-07-08,releases,4.5-beta3,0.1,4.5
beta,published_at,godotengine/godot-builds,godot,9f1931f0d0f8,False,4.x,4.5,2025-07-29,releases,4.5-beta4,0.1,4.5
beta,published_at,godotengine/godot-builds,godot,9f1931f0d0f8,False,4.x,4.5,2025-08-06,releases,4.5-beta5,0.1,4.5
beta,published_at,godotengine/godot-builds,godot,9f1931f0d0f8,False,4.x,4.5,2025-08-21,releases,4.5-beta6,0.1,4.5
beta,published_at,godotengine/godot-builds,godot,9f1931f0d0f8,False,4.x,4.5,2025-08-29,releases,4.5-beta7,0.1,4.5
rc,published_at,godotengine/godot-builds,godot,9f1931f0d0f8,False,4.x,4.5,2025-09-05,releases,4.5-rc1,0.1,4.5
rc,published_at,godotengine/godot-builds,godot,9f1931f0d0f8,False,4.x,4.5,2025-09-10,releases,4.5-rc2,0.1,4.5
stable,published_at,godotengine/godot,godot,220661a691a4,True,4.x,4.5,2025-09-15,releases,4.5-stable,0.1,4.5
dev,published_at,godotengine/godot-builds,godot,9f1931f0d0f8,False,4.x,4.6,2025-09-30,releases,4.6-dev1,0.1,4.6
rc,published_at,godotengine/godot-builds,godot,9f1931f0d0f8,False,4.x,4.5,2025-10-02,releases,4.5.1-rc1,0.1,4.5.1
rc,published_at,godotengine/godot-builds,godot,9f1931f0d0f8,False,4.x,4.5,2025-10-08,releases,4.5.1-rc2,0.1,4.5.1
stable,published_at,godotengine/godot,godot,220661a691a4,False,4.x,4.5,2025-10-15,releases,4.5.1-stable,0.1,4.5.1
dev,published_at,godotengine/godot-builds,godot,9f1931f0d0f8,False,4.x,4.6,2025-10-20,releases,4.6-dev2,0.1,4.6
stable,published_at,godotengine/godot,godot,220661a691a4,False,3.x,3.6,2025-10-23,releases,3.6.2-stable,0.1,3.6.2
dev,published_at,godotengine/godot-builds,godot,9f1931f0d0f8,False,3.x,3.7,2025-10-31,releases,3.7-dev1,0.1,3.7
dev,published_at,godotengine/godot-builds,godot,9f1931f0d0f8,False,4.x,4.6,2025-11-04,releases,4.6-dev3,0.1,4.6
dev,published_at,godotengine/godot-builds,godot,9f1931f0d0f8,False,4.x,4.6,2025-11-14,releases,4.6-dev4,0.1,4.6
dev,published_at,godotengine/godot-builds,godot,9f1931f0d0f8,False,4.x,4.6,2025-12-02,releases,4.6-dev5,0.1,4.6
dev,published_at,godotengine/godot-builds,godot,9f1931f0d0f8,False,4.x,4.6,2025-12-05,releases,4.6-dev6,0.1,4.6
beta,published_at,godotengine/godot-builds,godot,9f1931f0d0f8,False,4.x,4.6,2025-12-10,releases,4.6-beta1,0.1,4.6
beta,published_at,godotengine/godot-builds,godot,9f1931f0d0f8,False,4.x,4.6,2025-12-19,releases,4.6-beta2,0.1,4.6
beta,published_at,godotengine/godot-builds,godot,9f1931f0d0f8,False,4.x,4.6,2026-01-07,releases,4.6-beta3,0.1,4.6
rc,published_at,godotengine/godot-builds,godot,9f1931f0d0f8,False,4.x,4.6,2026-01-14,releases,4.6-rc1,0.1,4.6
rc,published_at,godotengine/godot-builds,godot,9f1931f0d0f8,False,4.x,4.6,2026-01-20,releases,4.6-rc2,0.1,4.6
rc,published_at,godotengine/godot-builds,godot,9f1931f0d0f8,False,4.x,4.5,2026-01-21,releases,4.5.2-rc1,0.1,4.5.2
stable,published_at,godotengine/godot,godot,220661a691a4,True,4.x,4.6,2026-01-26,releases,4.6-stable,0.1,4.6
rc,published_at,godotengine/godot-builds,godot,9f1931f0d0f8,False,4.x,4.6,2026-02-06,releases,4.6.1-rc1,0.1,4.6.1
dev,published_at,godotengine/godot-builds,godot,9f1931f0d0f8,False,4.x,4.7,2026-02-13,releases,4.7-dev1,0.1,4.7
stable,published_at,godotengine/godot,godot,220661a691a4,False,4.x,4.6,2026-02-16,releases,4.6.1-stable,0.1,4.6.1
dev,published_at,godotengine/godot-builds,godot,9f1931f0d0f8,False,4.x,4.7,2026-03-03,releases,4.7-dev2,0.1,4.7
rc,published_at,godotengine/godot-builds,godot,9f1931f0d0f8,False,4.x,4.6,2026-03-09,releases,4.6.2-rc1,0.1,4.6.2
stable,published_at,godotengine/godot,godot,220661a691a4,False,4.x,4.5,2026-03-19,releases,4.5.2-stable,0.1,4.5.2
rc,published_at,godotengine/godot-builds,godot,9f1931f0d0f8,False,4.x,4.6,2026-03-20,releases,4.6.2-rc2,0.1,4.6.2
dev,published_at,godotengine/godot-builds,godot,9f1931f0d0f8,False,4.x,4.7,2026-03-26,releases,4.7-dev3,0.1,4.7
stable,published_at,godotengine/godot,godot,220661a691a4,False,4.x,4.6,2026-04-01,releases,4.6.2-stable,0.1,4.6.2
dev,published_at,godotengine/godot-builds,godot,9f1931f0d0f8,False,4.x,4.7,2026-04-09,releases,4.7-dev4,0.1,4.7
dev,published_at,godotengine/godot-builds,godot,9f1931f0d0f8,False,4.x,4.7,2026-04-17,releases,4.7-dev5,0.1,4.7
beta,published_at,godotengine/godot-builds,godot,9f1931f0d0f8,False,4.x,4.7,2026-04-24,releases,4.7-beta1,0.1,4.7
rc,published_at,godotengine/godot-builds,godot,9f1931f0d0f8,False,4.x,4.6,2026-05-08,releases,4.6.3-rc1,0.1,4.6.3
beta,published_at,godotengine/godot-builds,godot,9f1931f0d0f8,False,4.x,4.7,2026-05-11,releases,4.7-beta2,0.1,4.7
rc,published_at,godotengine/godot-builds,godot,9f1931f0d0f8,False,4.x,4.6,2026-05-16,releases,4.6.3-rc2,0.1,4.6.3
stable,published_at,godotengine/godot,godot,220661a691a4,False,4.x,4.6,2026-05-20,releases,4.6.3-stable,0.1,4.6.3
beta,published_at,godotengine/godot-builds,godot,9f1931f0d0f8,False,4.x,4.7,2026-05-21,releases,4.7-beta3,0.1,4.7
beta,published_at,godotengine/godot-builds,godot,9f1931f0d0f8,False,4.x,4.7,2026-05-29,releases,4.7-beta4,0.1,4.7
beta,published_at,godotengine/godot-builds,godot,9f1931f0d0f8,False,4.x,4.7,2026-06-03,releases,4.7-beta5,0.1,4.7
rc,published_at,godotengine/godot-builds,godot,9f1931f0d0f8,False,4.x,4.7,2026-06-08,releases,4.7-rc1,0.1,4.7
rc,published_at,godotengine/godot-builds,godot,9f1931f0d0f8,False,4.x,4.7,2026-06-11,releases,4.7-rc2,0.1,4.7
rc,published_at,godotengine/godot-builds,godot,9f1931f0d0f8,False,4.x,4.7,2026-06-15,releases,4.7-rc3,0.1,4.7
stable,published_at,godotengine/godot,godot,220661a691a4,True,4.x,4.7,2026-06-18,releases,4.7-stable,0.1,4.7
rc,published_at,godotengine/godot-builds,godot,9f1931f0d0f8,False,4.x,4.7,2026-07-01,releases,4.7.1-rc1,0.1,4.7.1
dev,published_at,godotengine/godot-builds,godot,9f1931f0d0f8,False,4.x,4.8,2026-07-06,releases,4.8-dev1,0.1,4.8
rc,published_at,godotengine/godot-builds,godot,9f1931f0d0f8,False,4.x,4.7,2026-07-09,releases,4.7.1-rc2,0.1,4.7.1
stable,published_at,godotengine/godot,godot,220661a691a4,False,4.x,4.7,2026-07-14,releases,4.7.1-stable,0.1,4.7.1
dev,published_at,godotengine/godot-builds,godot,9f1931f0d0f8,False,4.x,4.8,2026-07-21,releases,4.8-dev2,0.1,4.8
rc,published_at,godotengine/godot-builds,godot,9f1931f0d0f8,False,4.x,4.7,2026-08-03,releases,4.7.2-rc1,0.1,4.7.2
dev,published_at,godotengine/godot-builds,godot,9f1931f0d0f8,False,4.x,4.8,2026-08-07,releases,4.8-dev3,0.1,4.8
stable,published_at,godotengine/godot,godot,220661a691a4,False,4.x,4.7,2026-08-18,releases,4.7.2-stable,0.1,4.7.2
stable,published_at,godotengine/godot,godot,220661a691a4,False,3.x,3.6,2026-08-22,releases,3.6.3-stable,0.1,3.6.3
